oracle,split,metric,value,source_path,source_sha256,manifest_hash,evaluator_hash
FrozenMonotonicOracle,validation,samples,3103.0,results/ariadne_greedy/oracle_valid_metrics.csv,aec947521a77c3ecc6a4a0d0d0306d5984e3d21d8132ad31009576c858d30b79,f03496e703b4e6a04ad46f24c42e55d92bdc88266d92dbd19d77d2892d3c8cad,855a4f721d12d42e8fc685aa3638dc9d00a2d4f0aef67cae1528ac2261568de7
FrozenMonotonicOracle,validation,binary_samples,2170.0,results/ariadne_greedy/oracle_valid_metrics.csv,aec947521a77c3ecc6a4a0d0d0306d5984e3d21d8132ad31009576c858d30b79,f03496e703b4e6a04ad46f24c42e55d92bdc88266d92dbd19d77d2892d3c8cad,855a4f721d12d42e8fc685aa3638dc9d00a2d4f0aef67cae1528ac2261568de7
FrozenMonotonicOracle,validation,full_feature_mse,0.1236729696393013,results/ariadne_greedy/oracle_valid_metrics.csv,aec947521a77c3ecc6a4a0d0d0306d5984e3d21d8132ad31009576c858d30b79,f03496e703b4e6a04ad46f24c42e55d92bdc88266d92dbd19d77d2892d3c8cad,855a4f721d12d42e8fc685aa3638dc9d00a2d4f0aef67cae1528ac2261568de7
FrozenMonotonicOracle,validation,full_feature_rmse,0.35167166590690613,results/ariadne_greedy/oracle_valid_metrics.csv,aec947521a77c3ecc6a4a0d0d0306d5984e3d21d8132ad31009576c858d30b79,f03496e703b4e6a04ad46f24c42e55d92bdc88266d92dbd19d77d2892d3c8cad,855a4f721d12d42e8fc685aa3638dc9d00a2d4f0aef67cae1528ac2261568de7
FrozenMonotonicOracle,validation,full_feature_mae,0.30333033204078674,results/ariadne_greedy/oracle_valid_metrics.csv,aec947521a77c3ecc6a4a0d0d0306d5984e3d21d8132ad31009576c858d30b79,f03496e703b4e6a04ad46f24c42e55d92bdc88266d92dbd19d77d2892d3c8cad,855a4f721d12d42e8fc685aa3638dc9d00a2d4f0aef67cae1528ac2261568de7
FrozenMonotonicOracle,validation,full_feature_auc,0.7748728930221175,results/ariadne_greedy/oracle_valid_metrics.csv,aec947521a77c3ecc6a4a0d0d0306d5984e3d21d8132ad31009576c858d30b79,f03496e703b4e6a04ad46f24c42e55d92bdc88266d92dbd19d77d2892d3c8cad,855a4f721d12d42e8fc685aa3638dc9d00a2d4f0aef67cae1528ac2261568de7
FrozenMonotonicOracle,validation,full_feature_accuracy,0.7986175115207373,results/ariadne_greedy/oracle_valid_metrics.csv,aec947521a77c3ecc6a4a0d0d0306d5984e3d21d8132ad31009576c858d30b79,f03496e703b4e6a04ad46f24c42e55d92bdc88266d92dbd19d77d2892d3c8cad,855a4f721d12d42e8fc685aa3638dc9d00a2d4f0aef67cae1528ac2261568de7
FrozenMonotonicOracle,validation,planning_mode_mse,0.2506786584854126,results/ariadne_greedy/oracle_valid_metrics.csv,aec947521a77c3ecc6a4a0d0d0306d5984e3d21d8132ad31009576c858d30b79,f03496e703b4e6a04ad46f24c42e55d92bdc88266d92dbd19d77d2892d3c8cad,855a4f721d12d42e8fc685aa3638dc9d00a2d4f0aef67cae1528ac2261568de7
FrozenMonotonicOracle,validation,planning_mode_rmse,0.5006781816482544,results/ariadne_greedy/oracle_valid_metrics.csv,aec947521a77c3ecc6a4a0d0d0306d5984e3d21d8132ad31009576c858d30b79,f03496e703b4e6a04ad46f24c42e55d92bdc88266d92dbd19d77d2892d3c8cad,855a4f721d12d42e8fc685aa3638dc9d00a2d4f0aef67cae1528ac2261568de7
FrozenMonotonicOracle,validation,planning_mode_mae,0.4365278482437134,results/ariadne_greedy/oracle_valid_metrics.csv,aec947521a77c3ecc6a4a0d0d0306d5984e3d21d8132ad31009576c858d30b79,f03496e703b4e6a04ad46f24c42e55d92bdc88266d92dbd19d77d2892d3c8cad,855a4f721d12d42e8fc685aa3638dc9d00a2d4f0aef67cae1528ac2261568de7
FrozenMonotonicOracle,validation,planning_mode_auc,0.6109516962892716,results/ariadne_greedy/oracle_valid_metrics.csv,aec947521a77c3ecc6a4a0d0d0306d5984e3d21d8132ad31009576c858d30b79,f03496e703b4e6a04ad46f24c42e55d92bdc88266d92dbd19d77d2892d3c8cad,855a4f721d12d42e8fc685aa3638dc9d00a2d4f0aef67cae1528ac2261568de7
FrozenMonotonicOracle,validation,planning_mode_accuracy,0.40276497695852537,results/ariadne_greedy/oracle_valid_metrics.csv,aec947521a77c3ecc6a4a0d0d0306d5984e3d21d8132ad31009576c858d30b79,f03496e703b4e6a04ad46f24c42e55d92bdc88266d92dbd19d77d2892d3c8cad,855a4f721d12d42e8fc685aa3638dc9d00a2d4f0aef67cae1528ac2261568de7
FrequencyOracle,validation,samples,3103.0,results/frequency_greedy/oracle_valid_metrics.csv,cae5150305d0b7056fcc53285ebfcadaa611b7b5e9d878bd856064d36cb69035,f03496e703b4e6a04ad46f24c42e55d92bdc88266d92dbd19d77d2892d3c8cad,855a4f721d12d42e8fc685aa3638dc9d00a2d4f0aef67cae1528ac2261568de7
FrequencyOracle,validation,binary_samples,2170.0,results/frequency_greedy/oracle_valid_metrics.csv,cae5150305d0b7056fcc53285ebfcadaa611b7b5e9d878bd856064d36cb69035,f03496e703b4e6a04ad46f24c42e55d92bdc88266d92dbd19d77d2892d3c8cad,855a4f721d12d42e8fc685aa3638dc9d00a2d4f0aef67cae1528ac2261568de7
FrequencyOracle,validation,mse,0.13750325011003128,results/frequency_greedy/oracle_valid_metrics.csv,cae5150305d0b7056fcc53285ebfcadaa611b7b5e9d878bd856064d36cb69035,f03496e703b4e6a04ad46f24c42e55d92bdc88266d92dbd19d77d2892d3c8cad,855a4f721d12d42e8fc685aa3638dc9d00a2d4f0aef67cae1528ac2261568de7
FrequencyOracle,validation,rmse,0.37081430677635846,results/frequency_greedy/oracle_valid_metrics.csv,cae5150305d0b7056fcc53285ebfcadaa611b7b5e9d878bd856064d36cb69035,f03496e703b4e6a04ad46f24c42e55d92bdc88266d92dbd19d77d2892d3c8cad,855a4f721d12d42e8fc685aa3638dc9d00a2d4f0aef67cae1528ac2261568de7
FrequencyOracle,validation,mae,0.32059086511335344,results/frequency_greedy/oracle_valid_metrics.csv,cae5150305d0b7056fcc53285ebfcadaa611b7b5e9d878bd856064d36cb69035,f03496e703b4e6a04ad46f24c42e55d92bdc88266d92dbd19d77d2892d3c8cad,855a4f721d12d42e8fc685aa3638dc9d00a2d4f0aef67cae1528ac2261568de7
FrequencyOracle,validation,auc,0.6625225611061825,results/frequency_greedy/oracle_valid_metrics.csv,cae5150305d0b7056fcc53285ebfcadaa611b7b5e9d878bd856064d36cb69035,f03496e703b4e6a04ad46f24c42e55d92bdc88266d92dbd19d77d2892d3c8cad,855a4f721d12d42e8fc685aa3638dc9d00a2d4f0aef67cae1528ac2261568de7
FrequencyOracle,validation,accuracy,0.7797235023041474,results/frequency_greedy/oracle_valid_metrics.csv,cae5150305d0b7056fcc53285ebfcadaa611b7b5e9d878bd856064d36cb69035,f03496e703b4e6a04ad46f24c42e55d92bdc88266d92dbd19d77d2892d3c8cad,855a4f721d12d42e8fc685aa3638dc9d00a2d4f0aef67cae1528ac2261568de7
FrequencyOracle,validation,global_mean,0.7042086129201011,results/frequency_greedy/oracle_valid_metrics.csv,cae5150305d0b7056fcc53285ebfcadaa611b7b5e9d878bd856064d36cb69035,f03496e703b4e6a04ad46f24c42e55d92bdc88266d92dbd19d77d2892d3c8cad,855a4f721d12d42e8fc685aa3638dc9d00a2d4f0aef67cae1528ac2261568de7
BKT-derived Set Oracle,validation,students,29.0,results/bkt_set/oracle_metrics.csv,a42699b0b480486d9ce62b961f8a47cc5fc46d68eb61e5e135e36d35ee836166,f03496e703b4e6a04ad46f24c42e55d92bdc88266d92dbd19d77d2892d3c8cad,855a4f721d12d42e8fc685aa3638dc9d00a2d4f0aef67cae1528ac2261568de7
BKT-derived Set Oracle,validation,prefixes,3103.0,results/bkt_set/oracle_metrics.csv,a42699b0b480486d9ce62b961f8a47cc5fc46d68eb61e5e135e36d35ee836166,f03496e703b4e6a04ad46f24c42e55d92bdc88266d92dbd19d77d2892d3c8cad,855a4f721d12d42e8fc685aa3638dc9d00a2d4f0aef67cae1528ac2261568de7
BKT-derived Set Oracle,validation,unique_mastery_states,7.0,results/bkt_set/oracle_metrics.csv,a42699b0b480486d9ce62b961f8a47cc5fc46d68eb61e5e135e36d35ee836166,f03496e703b4e6a04ad46f24c42e55d92bdc88266d92dbd19d77d2892d3c8cad,855a4f721d12d42e8fc685aa3638dc9d00a2d4f0aef67cae1528ac2261568de7
BKT-derived Set Oracle,validation,unique_state_target_pairs,189.0,results/bkt_set/oracle_metrics.csv,a42699b0b480486d9ce62b961f8a47cc5fc46d68eb61e5e135e36d35ee836166,f03496e703b4e6a04ad46f24c42e55d92bdc88266d92dbd19d77d2892d3c8cad,855a4f721d12d42e8fc685aa3638dc9d00a2d4f0aef67cae1528ac2261568de7
BKT-derived Set Oracle,validation,grouped_weighted_mse,0.00204106741247434,results/bkt_set/oracle_metrics.csv,a42699b0b480486d9ce62b961f8a47cc5fc46d68eb61e5e135e36d35ee836166,f03496e703b4e6a04ad46f24c42e55d92bdc88266d92dbd19d77d2892d3c8cad,855a4f721d12d42e8fc685aa3638dc9d00a2d4f0aef67cae1528ac2261568de7
BKT-derived Set Oracle,validation,prefix_level_mse,0.01270144637290471,results/bkt_set/oracle_metrics.csv,a42699b0b480486d9ce62b961f8a47cc5fc46d68eb61e5e135e36d35ee836166,f03496e703b4e6a04ad46f24c42e55d92bdc88266d92dbd19d77d2892d3c8cad,855a4f721d12d42e8fc685aa3638dc9d00a2d4f0aef67cae1528ac2261568de7
BKT-derived Set Oracle,validation,prefix_level_mae,0.0648227769388063,results/bkt_set/oracle_metrics.csv,a42699b0b480486d9ce62b961f8a47cc5fc46d68eb61e5e135e36d35ee836166,f03496e703b4e6a04ad46f24c42e55d92bdc88266d92dbd19d77d2892d3c8cad,855a4f721d12d42e8fc685aa3638dc9d00a2d4f0aef67cae1528ac2261568de7
BKT-derived Set Oracle,validation,maximum_absolute_error,0.5055082440376282,results/bkt_set/oracle_metrics.csv,a42699b0b480486d9ce62b961f8a47cc5fc46d68eb61e5e135e36d35ee836166,f03496e703b4e6a04ad46f24c42e55d92bdc88266d92dbd19d77d2892d3c8cad,855a4f721d12d42e8fc685aa3638dc9d00a2d4f0aef67cae1528ac2261568de7
BKT-derived Set Oracle,validation,prediction_min,0.34572848677635193,results/bkt_set/oracle_metrics.csv,a42699b0b480486d9ce62b961f8a47cc5fc46d68eb61e5e135e36d35ee836166,f03496e703b4e6a04ad46f24c42e55d92bdc88266d92dbd19d77d2892d3c8cad,855a4f721d12d42e8fc685aa3638dc9d00a2d4f0aef67cae1528ac2261568de7
BKT-derived Set Oracle,validation,prediction_max,0.9326158165931702,results/bkt_set/oracle_metrics.csv,a42699b0b480486d9ce62b961f8a47cc5fc46d68eb61e5e135e36d35ee836166,f03496e703b4e6a04ad46f24c42e55d92bdc88266d92dbd19d77d2892d3c8cad,855a4f721d12d42e8fc685aa3638dc9d00a2d4f0aef67cae1528ac2261568de7
BKT-derived Set Oracle,validation,teacher_min,0.1906629055738449,results/bkt_set/oracle_metrics.csv,a42699b0b480486d9ce62b961f8a47cc5fc46d68eb61e5e135e36d35ee836166,f03496e703b4e6a04ad46f24c42e55d92bdc88266d92dbd19d77d2892d3c8cad,855a4f721d12d42e8fc685aa3638dc9d00a2d4f0aef67cae1528ac2261568de7
BKT-derived Set Oracle,validation,teacher_max,0.9994590878486633,results/bkt_set/oracle_metrics.csv,a42699b0b480486d9ce62b961f8a47cc5fc46d68eb61e5e135e36d35ee836166,f03496e703b4e6a04ad46f24c42e55d92bdc88266d92dbd19d77d2892d3c8cad,855a4f721d12d42e8fc685aa3638dc9d00a2d4f0aef67cae1528ac2261568de7
BKT-derived Set Oracle,validation,pearson_correlation,0.7643174702646535,results/bkt_set/oracle_metrics.csv,a42699b0b480486d9ce62b961f8a47cc5fc46d68eb61e5e135e36d35ee836166,f03496e703b4e6a04ad46f24c42e55d92bdc88266d92dbd19d77d2892d3c8cad,855a4f721d12d42e8fc685aa3638dc9d00a2d4f0aef67cae1528ac2261568de7
BKT-derived Set Oracle,validation,spearman_correlation,0.7229487110642422,results/bkt_set/oracle_metrics.csv,a42699b0b480486d9ce62b961f8a47cc5fc46d68eb61e5e135e36d35ee836166,f03496e703b4e6a04ad46f24c42e55d92bdc88266d92dbd19d77d2892d3c8cad,855a4f721d12d42e8fc685aa3638dc9d00a2d4f0aef67cae1528ac2261568de7
DKT-derived Set Oracle,validation,students,29.0,results/dkt_set/oracle_metrics.csv,5eacdcceada0525de67cde112acbb652ed5b07d3e9ffcf7ae21c8a0bdb84388b,f03496e703b4e6a04ad46f24c42e55d92bdc88266d92dbd19d77d2892d3c8cad,855a4f721d12d42e8fc685aa3638dc9d00a2d4f0aef67cae1528ac2261568de7
DKT-derived Set Oracle,validation,prefixes,3103.0,results/dkt_set/oracle_metrics.csv,5eacdcceada0525de67cde112acbb652ed5b07d3e9ffcf7ae21c8a0bdb84388b,f03496e703b4e6a04ad46f24c42e55d92bdc88266d92dbd19d77d2892d3c8cad,855a4f721d12d42e8fc685aa3638dc9d00a2d4f0aef67cae1528ac2261568de7
DKT-derived Set Oracle,validation,unique_mastery_states,7.0,results/dkt_set/oracle_metrics.csv,5eacdcceada0525de67cde112acbb652ed5b07d3e9ffcf7ae21c8a0bdb84388b,f03496e703b4e6a04ad46f24c42e55d92bdc88266d92dbd19d77d2892d3c8cad,855a4f721d12d42e8fc685aa3638dc9d00a2d4f0aef67cae1528ac2261568de7
DKT-derived Set Oracle,validation,unique_state_target_pairs,189.0,results/dkt_set/oracle_metrics.csv,5eacdcceada0525de67cde112acbb652ed5b07d3e9ffcf7ae21c8a0bdb84388b,f03496e703b4e6a04ad46f24c42e55d92bdc88266d92dbd19d77d2892d3c8cad,855a4f721d12d42e8fc685aa3638dc9d00a2d4f0aef67cae1528ac2261568de7
DKT-derived Set Oracle,validation,grouped_weighted_mse,0.0004811090694317606,results/dkt_set/oracle_metrics.csv,5eacdcceada0525de67cde112acbb652ed5b07d3e9ffcf7ae21c8a0bdb84388b,f03496e703b4e6a04ad46f24c42e55d92bdc88266d92dbd19d77d2892d3c8cad,855a4f721d12d42e8fc685aa3638dc9d00a2d4f0aef67cae1528ac2261568de7
DKT-derived Set Oracle,validation,prefix_level_mse,0.01417235171324771,results/dkt_set/oracle_metrics.csv,5eacdcceada0525de67cde112acbb652ed5b07d3e9ffcf7ae21c8a0bdb84388b,f03496e703b4e6a04ad46f24c42e55d92bdc88266d92dbd19d77d2892d3c8cad,855a4f721d12d42e8fc685aa3638dc9d00a2d4f0aef67cae1528ac2261568de7
DKT-derived Set Oracle,validation,prefix_level_mae,0.08895965165538623,results/dkt_set/oracle_metrics.csv,5eacdcceada0525de67cde112acbb652ed5b07d3e9ffcf7ae21c8a0bdb84388b,f03496e703b4e6a04ad46f24c42e55d92bdc88266d92dbd19d77d2892d3c8cad,855a4f721d12d42e8fc685aa3638dc9d00a2d4f0aef67cae1528ac2261568de7
DKT-derived Set Oracle,validation,maximum_absolute_error,0.6362538561224937,results/dkt_set/oracle_metrics.csv,5eacdcceada0525de67cde112acbb652ed5b07d3e9ffcf7ae21c8a0bdb84388b,f03496e703b4e6a04ad46f24c42e55d92bdc88266d92dbd19d77d2892d3c8cad,855a4f721d12d42e8fc685aa3638dc9d00a2d4f0aef67cae1528ac2261568de7
DKT-derived Set Oracle,validation,prediction_min,0.334690123796463,results/dkt_set/oracle_metrics.csv,5eacdcceada0525de67cde112acbb652ed5b07d3e9ffcf7ae21c8a0bdb84388b,f03496e703b4e6a04ad46f24c42e55d92bdc88266d92dbd19d77d2892d3c8cad,855a4f721d12d42e8fc685aa3638dc9d00a2d4f0aef67cae1528ac2261568de7
DKT-derived Set Oracle,validation,prediction_max,0.7829306125640869,results/dkt_set/oracle_metrics.csv,5eacdcceada0525de67cde112acbb652ed5b07d3e9ffcf7ae21c8a0bdb84388b,f03496e703b4e6a04ad46f24c42e55d92bdc88266d92dbd19d77d2892d3c8cad,855a4f721d12d42e8fc685aa3638dc9d00a2d4f0aef67cae1528ac2261568de7
DKT-derived Set Oracle,validation,teacher_min,0.08274596929550171,results/dkt_set/oracle_metrics.csv,5eacdcceada0525de67cde112acbb652ed5b07d3e9ffcf7ae21c8a0bdb84388b,f03496e703b4e6a04ad46f24c42e55d92bdc88266d92dbd19d77d2892d3c8cad,855a4f721d12d42e8fc685aa3638dc9d00a2d4f0aef67cae1528ac2261568de7
DKT-derived Set Oracle,validation,teacher_max,0.9889017343521118,results/dkt_set/oracle_metrics.csv,5eacdcceada0525de67cde112acbb652ed5b07d3e9ffcf7ae21c8a0bdb84388b,f03496e703b4e6a04ad46f24c42e55d92bdc88266d92dbd19d77d2892d3c8cad,855a4f721d12d42e8fc685aa3638dc9d00a2d4f0aef67cae1528ac2261568de7
DKT-derived Set Oracle,validation,pearson_correlation,0.579232650704991,results/dkt_set/oracle_metrics.csv,5eacdcceada0525de67cde112acbb652ed5b07d3e9ffcf7ae21c8a0bdb84388b,f03496e703b4e6a04ad46f24c42e55d92bdc88266d92dbd19d77d2892d3c8cad,855a4f721d12d42e8fc685aa3638dc9d00a2d4f0aef67cae1528ac2261568de7
DKT-derived Set Oracle,validation,spearman_correlation,0.5697022838285408,results/dkt_set/oracle_metrics.csv,5eacdcceada0525de67cde112acbb652ed5b07d3e9ffcf7ae21c8a0bdb84388b,f03496e703b4e6a04ad46f24c42e55d92bdc88266d92dbd19d77d2892d3c8cad,855a4f721d12d42e8fc685aa3638dc9d00a2d4f0aef67cae1528ac2261568de7
