target,m,m_total,delta_median,delta_max,J_star_proxy,mdelta_med_ratio,mdelta_max_ratio,coverage,obs_fraction
absolute_value_add_sub_properties,47,58,0.0729846605426357,0.43509677632858035,70.87549930267024,0.04839865791780943,0.2885277520249207,0.723404255319149,0.8103448275862069
absolute_value_equations,107,123,0.10379975507149064,0.4403701299978366,177.30639949044811,0.06264056923251568,0.26575241528327886,0.8411214953271028,0.8699186991869918
absolute_value_of_complex_numbers,123,141,0.10220784459752996,0.4633152173913043,218.00387348539476,0.057666704194310664,0.2614071522125883,0.8211382113821138,0.8723404255319149
adding_and_subtracting_centimeter_and_millimeter,39,50,0.07195106504253845,0.43509677632858035,57.75841294551845,0.048583252093610856,0.293788790436827,0.6923076923076923,0.78
adding_and_subtracting_decimals_word_problems,39,48,0.0729846605426357,0.43509677632858035,55.743918180509034,0.051062104245087704,0.30440584068501664,0.6666666666666666,0.8125
adding_decimals_0.5_new,0,1,,,0.0,,,0.0,0.0
adding_decimals_1,0,1,,,0.0,,,0.0,0.0
adding_decimals_2_new,0,1,,,0.0,,,0.0,0.0
adding_subtracting_carry_2,9,9,0.10661116329859266,0.38349910012314103,10.773632356938657,0.08906007165441994,0.3203647374216708,0.7777777777777778,1.0
adding_subtracting_mixed_numbers_1,86,102,0.09863432067416428,0.49291967800693337,134.63737015751576,0.0630029505779426,0.3148538348528483,0.8372093023255814,0.8431372549019608
addition_3,22,29,0.06560622774035718,0.43509677632858035,27.053683899084927,0.053350849210472145,0.35381980195135415,0.5454545454545454,0.7586206896551724
addition_of_vary_denominator_fraction,85,101,0.09671432315140016,0.4403701299978366,131.2099136179338,0.06265317338601924,0.28527921418202934,0.8352941176470589,0.8415841584158416
addition_two_numbers,7,7,0.10661116329859266,0.18465399177130953,9.513061406999837,0.07844773739618954,0.13587402489045963,0.7142857142857143,1.0
age_problems,101,117,0.09343805984512188,0.4403701299978366,165.8440716509832,0.05690431952381073,0.26818795924996097,0.8316831683168316,0.8632478632478633
age_problems_new,101,117,0.09543845274582866,0.4403701299978366,166.60888213949394,0.05785576137086236,0.26695685463241164,0.8316831683168316,0.8632478632478633
altitude_and_hypotenuse,1,1,,,16.830188679245282,,,0.0,1.0
angle types,0,1,,,0.0,,,0.0,0.0
angle-types,0,1,,,0.0,,,0.0,0.0
angle_bisector_theorem,83,94,0.08890183066286894,0.43509677632858035,132.4233853264862,0.05572166824481769,0.27270887499391805,0.8313253012048193,0.8829787234042553
angle_of_osculation,7,7,0.23294920167602198,0.5571453806747924,26.248872613211667,0.06212245515304199,0.14857848267207396,0.8571428571428571,1.0
angles_of_a_polygon,84,95,0.08818121168605736,0.43509677632858035,131.9162812193279,0.05615092931033549,0.27705548453746015,0.8333333333333334,0.8842105263157894
application_division_large_nums,46,57,0.08915795529103909,0.43509677632858035,72.44071670421506,0.056615479939738915,0.27628732323061245,0.6956521739130435,0.8070175438596491
application_of_linear_equations_2,0,1,,,0.0,,,0.0,0.0
application_of_scientific_notation_2,66,77,0.07518912779190257,0.43509677632858035,105.7503779879685,0.04692638011024569,0.27154879050128256,0.803030303030303,0.8571428571428571
arc_length_and_circular_sector_area,5,5,0.33444187391555813,0.36221804511278194,22.86676816475578,0.07312836503739706,0.07920184490064132,0.6,1.0
area_of_a_circle2,68,79,0.0777170306850738,0.43509677632858035,104.57755009933756,0.050534345866441316,0.28291522188308443,0.7941176470588235,0.8607594936708861
areas_of_trapezoids_rhombi_and_kites,1,1,,,2.6875,,,0.0,1.0
arithmetic_means,88,106,0.09416258234025715,0.4403701299978366,138.80049797590144,0.059699405742631405,0.2791961988964755,0.8295454545454546,0.8301886792452831
arithmetic_reasoning,63,74,0.07588354998428126,0.43509677632858035,89.59420638176304,0.0533590713292241,0.30594720368302863,0.7936507936507936,0.8513513513513513
arithmetic_series,89,107,0.09416258234025715,0.4403701299978366,141.51899092537266,0.05921798744807449,0.2769447500546065,0.8202247191011236,0.8317757009345794
attributs_of_shapes,1,5,,,1.2999999999999998,,,0.0,0.2
baseline_compareline_application,86,102,0.09271353734998661,0.4403701299978366,139.99246410337608,0.05695566731514201,0.2705276417725447,0.8023255813953488,0.8431372549019608
basic_concept_of_similar_shapes,110,125,0.09271353734998661,0.5536213195787664,181.73491302668003,0.0561173906468996,0.33509436431030715,0.8454545454545455,0.88
basic_concepts_of_probability_2,89,105,0.09416258234025715,0.4403701299978366,141.44563782416628,0.059248697642417254,0.2770883724143472,0.8426966292134831,0.8476190476190476
calculating_averages_advanced,66,77,0.0777170306850738,0.43509677632858035,102.60811548058919,0.04998945747312947,0.2798646783754517,0.7878787878787878,0.8571428571428571
cc_and_cubic_meter_conversion,0,1,,,0.0,,,0.0,0.0
cell_bctest_cap,0,1,,,0.0,,,0.0,0.0
chain_rule_1,190,212,0.1376111091864206,0.7878919860627177,388.9386996940719,0.06722424578985249,0.3848922142992346,0.8631578947368421,0.8962264150943396
chickens_and_rabbits_questions,63,74,0.07588354998428126,0.43509677632858035,91.19043140743985,0.052425057927949284,0.30059181084720915,0.7936507936507936,0.8513513513513513
classification_bctest_cap,0,1,,,0.0,,,0.0,0.0
combinations_of_polynomials,121,137,0.1019728915014741,0.4633152173913043,208.11606355578994,0.059287686211548535,0.2693744074652817,0.8099173553719008,0.8832116788321168
common_factor_advance,122,139,0.1019728915014741,0.4633152173913043,209.48761934575757,0.05938629119006112,0.26982242052426963,0.819672131147541,0.8776978417266187
common_factors_of_a_polynomial_1,0,1,,,0.0,,,0.0,0.0
common_factors_of_a_polynomial_2,1,1,,,1.0,,,0.0,1.0
comparing_absolute_values,45,55,0.0729846605426357,0.43509677632858035,64.78693699748683,0.050694011426192426,0.30221146178813213,0.7111111111111111,0.8181818181818182
comparing_objects,0,1,,,0.0,,,0.0,0.0
comparing_size,0,2,,,0.0,,,0.0,0.0
compound_inequalities,110,126,0.10114612830117331,0.4403701299978366,185.99310915290206,0.059819818937391335,0.26044359664926975,0.8181818181818182,0.873015873015873
compound_numbers_world_problems,0,1,,,0.0,,,0.0,0.0
concepts_related_to_parallelogram,85,96,0.08818121168605736,0.43509677632858035,134.028095483044,0.05592411774785775,0.2759363688235658,0.8235294117647058,0.8854166666666666
cone_surface_arc,86,97,0.08955720423975061,0.43509677632858035,158.96915633446397,0.048449144112044346,0.23538102375992634,0.8372093023255814,0.8865979381443299
consistency_bctest_cap,0,1,,,0.0,,,0.0,0.0
constructing_and_interpreting_absolute_value,44,56,0.06939134890861143,0.43509677632858035,63.663764220108455,0.04795851124075587,0.30070886308684125,0.7045454545454546,0.7857142857142857
converting_repeating_decimals_to_fractions_2,109,125,0.10379975507149064,0.4403701299978366,186.90239243724199,0.060535197839115665,0.2568203838582844,0.8440366972477065,0.872
coordination_bctest_cap,1,1,,,1.7710583153347734,,,0.0,1.0
creating_bar_charts_1,32,40,0.061821106572102935,0.43509677632858035,40.68788024478114,0.04862075385608319,0.3421927305810046,0.65625,0.8
cube_rectangular_and_regular_tetrahedron,0,1,,,0.0,,,0.0,0.0
cube_roots,60,71,0.06939134890861143,0.43509677632858035,87.2967309573348,0.04769343466654594,0.2990467832349153,0.7833333333333333,0.8450704225352113
cube_volume_calculation,0,1,,,0.0,,,0.0,0.0
cuboid_volume_calculation,0,1,,,0.0,,,0.0,0.0
date_and_weekday,7,7,0.09296516338104244,0.15484009743694982,8.414624630731126,0.07733632481841968,0.12880915425510467,0.7142857142857143,1.0
decimal_multiplier_calculation,33,42,0.07657797217665996,0.4945502143062575,49.814778580892934,0.050729385010236064,0.32761677431938424,0.6363636363636364,0.7857142857142857
decimal_two_steps,42,53,0.0729846605426357,0.43509677632858035,60.356299638381174,0.05078766858068629,0.3027697972753074,0.7142857142857143,0.7924528301886793
decimals_distributive_law_of_multiplication,88,104,0.1005543181969284,0.4403701299978366,138.90297615431876,0.06370475454391171,0.2789902168601211,0.8295454545454546,0.8461538461538461
define_one_function,108,124,0.10173793840541823,0.4403701299978366,182.67175761279088,0.06014995142859345,0.26035756518300535,0.8425925925925926,0.8709677419354839
dependent_probability,89,105,0.09271353734998661,0.4403701299978366,221.74876282416628,0.03721105235970027,0.17674480376192744,0.8426966292134831,0.8476190476190476
difference_between_solid_and_plane_graphics,0,1,,,0.0,,,0.0,0.0
discount_tax_and_tip_word_problems,90,107,0.09863432067416428,0.4403701299978366,145.06694000476566,0.06119305239624659,0.27320705667675405,0.8444444444444444,0.8411214953271028
distance_between_point_and_line,122,138,0.1019728915014741,0.46912843819533206,221.52301682118625,0.05615982005708232,0.25836443671236936,0.8032786885245902,0.8840579710144928
distributive_property_with_variables,0,1,,,0.0,,,0.0,0.0
dividing_complex_numbers,126,142,0.10586157173756305,0.4633152173913043,220.6650205921588,0.06044708854687829,0.2645535628376741,0.8174603174603174,0.8873239436619719
dividing_decimals,37,47,0.07657797217665996,0.43509677632858035,46.120299287029454,0.06143466140370992,0.34905629349818473,0.7297297297297297,0.7872340425531915
dividing_fractions_word_problems,84,100,0.0917448901480353,0.4403701299978366,124.8923551539139,0.061705704588063855,0.29618378862526434,0.8333333333333334,0.84
dividing_polynomials_4,127,143,0.11611887010395883,0.4633152173913043,221.92778901086925,0.06644997712512925,0.2651359384552505,0.8267716535433071,0.8881118881118881
dividing_polynomials_6,127,143,0.11611887010395883,0.491285403050109,223.4116216238979,0.06600863641744098,0.2792748458376964,0.8267716535433071,0.8881118881118881
divisibility,34,41,0.0729846605426357,0.43509677632858035,44.96578871395763,0.05518592088387741,0.3289899013954094,0.7058823529411765,0.8292682926829268
division_1.4,27,34,0.061821106572102935,0.43509677632858035,32.21996020518443,0.051805460553554554,0.36460668747137037,0.6296296296296297,0.7941176470588235
division_2.9,28,35,0.06594057588356228,0.43509677632858035,34.20823625582187,0.05397343817822579,0.35613381660759796,0.6428571428571429,0.8
division_word_problems_2,34,42,0.06594057588356228,0.46525967695976245,41.81011492339123,0.053622899246966955,0.3783493311514881,0.7058823529411765,0.8095238095238095
draw_a_pie_chart,72,84,0.08568936424371348,0.43509677632858035,112.54076396894123,0.054821328805356735,0.27836107371994856,0.8055555555555556,0.8571428571428571
ecology_bctest_cap,0,1,,,0.0,,,0.0,0.0
empirical_rule,69,80,0.07588354998428126,0.43509677632858035,274.85747464454465,0.019049745529703132,0.10922634578338149,0.7536231884057971,0.8625
environment_bctest_cap,0,1,,,0.0,,,0.0,0.0
equation_of_a_circle_2,122,138,0.1005543181969284,0.4633152173913043,210.25869546886642,0.05834539585946287,0.2688329079360661,0.8114754098360656,0.8840579710144928
equation_of_a_hyperbola,122,138,0.1005543181969284,0.4633152173913043,215.64505910523005,0.05688804960766076,0.26211802281153324,0.8114754098360656,0.8840579710144928
equation_of_an_ellipse,122,138,0.1005543181969284,0.4633152173913043,211.47839243856342,0.058008890074143775,0.2672824200617093,0.8114754098360656,0.8840579710144928
estimation_with_decimals,37,48,0.06939134890861143,0.43509677632858035,58.10834799358441,0.04418435557490107,0.27704419898385124,0.6756756756756757,0.7708333333333334
eval_expressions_w_two_var,108,124,0.10114612830117331,0.4403701299978366,186.9509157094424,0.05843128296576183,0.2543981871352996,0.8333333333333334,0.8709677419354839
even_and_odd_functions,110,126,0.10173793840541823,0.4403701299978366,183.77982944749826,0.06089445864783039,0.2635801461204449,0.8454545454545455,0.873015873015873
evolution_bctest_cap,0,1,,,0.0,,,0.0,0.0
exponents_4,61,72,0.072290238350257,0.43509677632858035,91.43654599067213,0.04822693696036519,0.29026581295788406,0.7868852459016393,0.8472222222222222
expressions_with_unknown_variables_2,109,125,0.10379975507149064,0.4403701299978366,183.1331021903482,0.06178114806919258,0.2621063237375443,0.8440366972477065,0.872
factor_word_problems,41,50,0.0729846605426357,0.43509677632858035,54.98813356017969,0.05441848792654829,0.3244148632531528,0.7317073170731707,0.82
factoring_difference_of_squares_4,0,1,,,0.0,,,0.0,0.0
factoring_polynomials_3,0,1,,,0.0,,,0.0,0.0
factoring_polynomials_by_grouping_1,125,141,0.10661116329859266,0.4633152173913043,222.5501721358319,0.05988040936760279,0.26023076782239196,0.824,0.8865248226950354
factoring_polynomials_with_two_variables,125,141,0.10661116329859266,0.4633152173913043,217.64660070726046,0.06122951320635778,0.26609375926715806,0.824,0.8865248226950354
factorization_by_add_sub_square,126,142,0.11164930129082029,0.46466633874405644,216.11692837882535,0.0650935216790805,0.27090871187621185,0.8253968253968254,0.8873239436619719
finding_axis_of_symmetry,110,125,0.09021257781663228,0.5536213195787664,179.11840103626866,0.055401251364566514,0.3399893299702544,0.8454545454545455,0.88
fraction_and_per_swap_divide,0,1,,,0.0,,,0.0,0.0
fraction_integer,1,1,,,2.8653061224489798,,,0.0,1.0
fractions_and_percentage_of_exchange,0,1,,,0.0,,,0.0,0.0
fractions_cut_and_copy,0,1,,,0.0,,,0.0,0.0
fractions_cut_and_copy_2,86,102,0.09543845274582866,0.5210218702865762,129.22828935227173,0.06351323674777855,0.3467343030634791,0.8372093023255814,0.8431372549019608
fractions_on_the_number_line_1,66,79,0.07588354998428126,0.43509677632858035,94.45855211076429,0.053021290153693,0.3040104532198715,0.7878787878787878,0.8354430379746836
fractions_on_the_number_line_3,83,99,0.09416258234025715,0.5285237366267956,122.54799848052768,0.06377496516585858,0.35796153902092803,0.8313253012048193,0.8383838383838383
g_and_kg_word_problems,0,1,,,0.0,,,0.0,0.0
gcd_and_lcm_word_problems,42,51,0.08056354296990609,0.43509677632858035,58.00708388792038,0.058331992886832294,0.3150316027109551,0.7619047619047619,0.8235294117647058
gcd_of_life,41,50,0.06939134890861143,0.43509677632858035,55.61502749957363,0.05115605319578202,0.3207580510431026,0.7560975609756098,0.82
geometric_construction,71,82,0.07657797217665996,0.43509677632858035,122.20559712671886,0.04449089200803972,0.2527860576410133,0.8028169014084507,0.8658536585365854
geometry_1,1,1,,,1.0,,,0.0,1.0
geometry_about_circle_concept,2,2,0.26326530612244897,0.26326530612244897,19.241732979664015,0.027363991216454966,0.027363991216454966,0.5,1.0
geometry_categorial_proposition,84,95,0.08890183066286894,0.43509677632858035,131.467194766565,0.05680317275302664,0.27800189451441576,0.8214285714285714,0.8842105263157894
geometry_proofs_intro,110,125,0.09146305758330944,0.5536213195787664,193.54617840817446,0.05198209758989027,0.31464504055065473,0.8181818181818182,0.88
graphing_parabolas_2,133,151,0.11164930129082029,0.5144860533210048,249.62372940419158,0.0594869610638457,0.27411915227376876,0.8120300751879699,0.8807947019867549
graphing_points_fraction_2,106,122,0.09863432067416428,0.4403701299978366,174.57202177414996,0.05989068514648772,0.2673924109108461,0.8301886792452831,0.8688524590163934
graphing_scaling,110,125,0.09021257781663228,0.5536213195787664,187.98900854010867,0.05278704131104736,0.3239463074282412,0.8272727272727273,0.88
graphing_systems_of_inequalities_2,124,140,0.10220784459752996,0.46912843819533206,252.74270239876657,0.05014496011084657,0.23016263490148178,0.7983870967741935,0.8857142857142857
herons_formula,87,98,0.08890183066286894,0.43509677632858035,178.0201417917927,0.04344710205160718,0.2126355993180748,0.8160919540229885,0.8877551020408163
inequality_properties,111,127,0.10379975507149064,0.4403701299978366,184.33628650941193,0.06250409526584001,0.26517342491470913,0.8288288288288288,0.8740157480314961
inequality_symbol_word_problems,112,128,0.10379975507149064,0.4403701299978366,188.7583295201646,0.0615897194977296,0.26129418863334875,0.8214285714285714,0.875
inheritance_bctest_cap,0,1,,,0.0,,,0.0,0.0
integer_arithmetic,65,76,0.07657797217665996,0.43509677632858035,99.37918702677817,0.050086626188053526,0.2845796117625434,0.7846153846153846,0.8552631578947368
interpreting_negative_numbers,40,50,0.06939134890861143,0.43509677632858035,58.345982575020805,0.047572323471895314,0.2982873933225043,0.675,0.8
inverses_of_functions,113,129,0.10623636751807786,0.4403701299978366,196.04705530905494,0.0612338171089496,0.2538259226149017,0.831858407079646,0.875968992248062
kg_g_time_div,40,51,0.0729846605426357,0.43509677632858035,59.06307649461589,0.04942828235456978,0.29466584008250446,0.7,0.7843137254901961
kinematic_equations,129,148,0.12323477493380408,0.4633152173913043,224.926143191812,0.07067780446003502,0.2657212816409239,0.8294573643410853,0.8716216216216216
km_m_unit_transform,38,49,0.061821106572102935,0.43509677632858035,57.05031605835598,0.041177721913704134,0.28980869244569973,0.6578947368421053,0.7755102040816326
l_ml_arithmatic,37,48,0.06939134890861143,0.43509677632858035,53.95968149662488,0.047581450416441316,0.29834462097713493,0.6756756756756757,0.7708333333333334
lcm_word_problems,36,44,0.08056354296990609,0.43509677632858035,48.626845433430454,0.05964375276794537,0.3221159795214766,0.7222222222222222,0.8181818181818182
least_common_multiple_and_greatest_common_divisor_word_problems,36,45,0.08056354296990609,0.43509677632858035,48.46600934795619,0.05984168257168308,0.32318493225581446,0.7222222222222222,0.8
lhopitals_rule,190,212,0.1376111091864206,0.7878919860627177,397.54918574267674,0.0657682412217129,0.37655586458379253,0.8631578947368421,0.8962264150943396
life_1,1,1,,,5.0,,,0.0,1.0
linear_equations_word_problems_2,108,124,0.10173793840541823,0.4403701299978366,184.59525858202912,0.059523182947315706,0.25764461343752226,0.8425925925925926,0.8709677419354839
lines_plane_vertical_parallel,71,82,0.07885608919348763,0.43509677632858035,110.09686425000653,0.050853240652013305,0.2805881105676211,0.8028169014084507,0.8658536585365854
logarithms_2,62,73,0.07518912779190257,0.43509677632858035,95.36036895244578,0.048885359550387905,0.2828848129333932,0.7903225806451613,0.8493150684931506
make_a_line_by_ruler_and_compasses,73,88,0.07885608919348763,0.43509677632858035,112.87135573515829,0.051000490546349544,0.28140057736626267,0.8082191780821918,0.8295454545454546
markup_and_commission_word_problems,90,107,0.10114612830117331,0.4403701299978366,144.452152402579,0.06301845556261212,0.2743698244755105,0.8444444444444444,0.8411214953271028
matrix_app_fruit_oil,127,144,0.10586157173756305,0.46912843819533206,226.4988810337296,0.05935755421532701,0.26304461805237256,0.7952755905511811,0.8819444444444444
matrix_basic_distance,109,125,0.09671432315140016,0.4403701299978366,179.42692557294998,0.05875295020432478,0.26752029561053026,0.8165137614678899,0.872
matrix_gaussian_elimination,112,128,0.09671432315140016,0.4403701299978366,190.70291151734847,0.056800413306597144,0.2586297931548406,0.7946428571428571,0.875
matrix_mul_two,126,143,0.10586157173756305,0.46912843819533206,225.04433557918415,0.059270801038400885,0.2626601689861832,0.8015873015873016,0.8811188811188811
matrix_mul_two_2,1,1,,,5.333333333333333,,,0.0,1.0
matrix_mul_zero_one,127,143,0.10623636751807786,0.46912843819533206,225.9821750628037,0.05970390660699793,0.2636460669265141,0.8031496062992126,0.8881118881118881
matrix_submatrix,127,143,0.10623636751807786,0.46912843819533206,227.42613110675975,0.05932483927479021,0.2619721461244007,0.8031496062992126,0.8881118881118881
matrix_triangular_and_symmetric,111,127,0.09671432315140016,0.4403701299978366,182.09811905490898,0.05895332651167227,0.26843267071320215,0.8018018018018018,0.8740157480314961
measuring_and_comparing_angles,71,82,0.08746059270924578,0.43509677632858035,107.51541517075303,0.057756388444339564,0.28732504143957016,0.8028169014084507,0.8658536585365854
meters_and_centimeters,36,47,0.05683256264574904,0.43509677632858035,52.61859005936676,0.03888306875837235,0.29767965903602916,0.6666666666666666,0.7659574468085106
meters_and_centimeters_conversion,0,1,,,0.0,,,0.0,0.0
metric_weight_unit_selection,37,48,0.061821106572102935,0.43509677632858035,54.97113424493247,0.041610582982989315,0.292855167448933,0.6756756756756757,0.7708333333333334
metric_weight_unit_word_problem,37,48,0.06939134890861143,0.43509677632858035,56.48330526222757,0.04545555359586206,0.28501484906767977,0.6756756756756757,0.7708333333333334
midpoint_formula,4,5,0.21912055335968383,0.29893398874361915,9.13075709708563,0.09599228236161188,0.13095693404834235,0.75,0.8
midpoint_of_a_segment,72,87,0.0777170306850738,0.43509677632858035,111.36370016080222,0.05024641064588891,0.2813032240346145,0.8055555555555556,0.8275862068965517
morning_afternoon_night,7,7,0.09296516338104244,0.15484009743694982,8.49993060054991,0.07656017140012836,0.12751641548561896,0.7142857142857143,1.0
moving_points,107,123,0.10114612830117331,0.4403701299978366,177.54844561416013,0.06095595875699629,0.26539012350559577,0.8411214953271028,0.8699186991869918
multiple_brackets,71,82,0.07657797217665996,0.43509677632858035,133.20876714100402,0.040815902295587285,0.23190569046127102,0.8028169014084507,0.8658536585365854
multiple_proportions_reasoning,4,4,0.19191919191919193,0.19191919191919193,9.003249893099674,0.08526662891642442,0.08526662891642442,0.25,1.0
multiple_unit_transate,38,49,0.06560622774035718,0.43509677632858035,57.643339314169936,0.043249344742953374,0.28682719802844125,0.6842105263157895,0.7755102040816326
multiplication_and_division_order,34,42,0.06248980285851313,0.43509677632858035,43.16080318525418,0.049226454106288065,0.34274826470851766,0.6764705882352942,0.8095238095238095
multiplication_association_word_problems,58,69,0.06939134890861143,0.43509677632858035,81.68226216412539,0.04927260986739785,0.3089485080169715,0.7758620689655172,0.8405797101449275
multiplication_formula_minus,122,138,0.1019728915014741,0.4633152173913043,210.12236584925407,0.059206894577348505,0.269007329578094,0.819672131147541,0.8840579710144928
multiplication_formula_sub,124,140,0.10403470816754651,0.4633152173913043,214.52581379626702,0.060134039743240664,0.26780500649251676,0.8225806451612904,0.8857142857142857
multiplication_word_problems,30,39,0.06560622774035718,0.43509677632858035,36.834965553318376,0.05343256882816349,0.35436176181469253,0.6666666666666666,0.7692307692307693
multiplicative_problems,70,84,0.09021257781663228,0.45548654244306425,100.97816657002774,0.06253708758699762,0.3157519992096816,0.7857142857142857,0.8333333333333334
multiplying_and_dividing_scientific_notation,64,75,0.0699970220369267,0.43509677632858035,96.57957974187852,0.046384643858838295,0.28832382331184,0.796875,0.8533333333333334
multiplying_decimal_integer,33,42,0.07657797217665996,0.4945502143062575,49.65234402862788,0.050895343035018706,0.32868855220000975,0.6363636363636364,0.7857142857142857
multiplying_fractions_and_whole_numbers_word_problems,0,1,,,0.0,,,0.0,0.0
multiplying_fractions_by_integers,45,57,0.0777170306850738,0.43509677632858035,67.86503870335926,0.05153266612158005,0.2885042918838998,0.7111111111111111,0.7894736842105263
multiplying_fractions_word_problems,83,99,0.09416258234025715,0.4403701299978366,121.94512039739055,0.06409025887032199,0.29973090084056014,0.8313253012048193,0.8383838383838383
multiplying_mixed_numbers_1,84,100,0.09543845274582866,0.4403701299978366,127.1130092626606,0.06306852522139564,0.29100948151877637,0.8333333333333334,0.84
nature_of_isosceles_triangle,85,96,0.09146305758330944,0.43509677632858035,133.59334063735372,0.058194217297741054,0.2768343527565665,0.8235294117647058,0.8854166666666666
negative_number_word_problems,45,55,0.0777170306850738,0.43509677632858035,66.34647058843665,0.05271216916002537,0.2951077089878923,0.7111111111111111,0.8181818181818182
negative_numbers_multiply_divide,44,55,0.0729846605426357,0.43509677632858035,63.76470218000802,0.05036211185947966,0.3002328483306205,0.6818181818181818,0.8
new_definitions_2,108,124,0.10173793840541823,0.4944273804300131,179.32636416249,0.06127206894034315,0.29777081209351147,0.8425925925925926,0.8709677419354839
number_sense_length_l3,0,3,,,0.0,,,0.0,0.0
number_sense_weight_L1,0,1,,,0.0,,,0.0,0.0
number_sense_weight_l3,0,3,,,0.0,,,0.0,0.0
nutrition_bctest_cap,0,1,,,0.0,,,0.0,0.0
one_more_one_less,23,30,0.061821106572102935,0.43509677632858035,27.963632100579172,0.05084766692839297,0.35786573859803006,0.5652173913043478,0.7666666666666667
one_step_equation_problems,101,117,0.09343805984512188,0.4403701299978366,165.11285585029307,0.05715632496184312,0.2693756515852945,0.8316831683168316,0.8632478632478633
one_step_equations_0.5,1,1,,,1.0,,,0.0,1.0
order_by_length,0,1,,,0.0,,,0.0,0.0
ordering_decimals_new,32,44,0.06560622774035718,0.43509677632858035,47.05260074763784,0.044618134902921915,0.29590493663017226,0.625,0.7272727272727273
ordering_improper_fractions_and_mixed_numbers,83,99,0.09416258234025715,0.4403701299978366,124.61577225205488,0.06271673475194844,0.2933073408708722,0.8313253012048193,0.8383838383838383
ordering_numbers,84,100,0.0917448901480353,0.48131313131313125,127.75756363083812,0.06032183577563742,0.3164611306077221,0.8333333333333334,0.84
ordering_objects,0,1,,,0.0,,,0.0,0.0
parabola_intuition_3,132,150,0.10661116329859266,0.4633152173913043,310.86128050043834,0.045269946558668915,0.1967360122727344,0.8106060606060606,0.88
parallelogram_concept_and_application,86,97,0.08890183066286894,0.43509677632858035,136.58870154365007,0.05597503564058272,0.27394888699706993,0.8255813953488372,0.8865979381443299
percentage_concept,67,78,0.0777170306850738,0.43509677632858035,112.99846638984508,0.04608063474008254,0.2579812358996287,0.7761194029850746,0.8589743589743589
percentage_word_problems_2,91,108,0.1005543181969284,0.4403701299978366,157.60661882467508,0.05805874793938463,0.2542639524192949,0.8461538461538461,0.8425925925925926
perimeter_deduction,68,80,0.07518912779190257,0.43509677632858035,95.76053349935357,0.053392149176820204,0.3089642435058404,0.7794117647058824,0.85
perimeter_of_sector,4,4,0.2731012115078449,0.33444187391555813,21.379373206772588,0.051096205462437316,0.06257281178095776,0.75,1.0
permutations_1,87,103,0.09416258234025715,0.4403701299978366,137.29653965677724,0.059667524644696976,0.2790471005721419,0.8390804597701149,0.8446601941747572
place_value_big_number,34,45,0.06560622774035718,0.43509677632858035,49.75383894102461,0.04483295742899729,0.29732962742245606,0.6470588235294118,0.7555555555555555
planting_problems,88,104,0.09543845274582866,0.4403701299978366,137.89132562296498,0.060907267398364814,0.28103705047966854,0.8409090909090909,0.8461538461538461
plotting_the_line_of_best_fit,33,41,0.06560622774035718,0.43509677632858035,43.623955236562914,0.04962882213892455,0.32913552980196065,0.6666666666666666,0.8048780487804879
plugging_in_values,112,128,0.10173793840541823,0.4403701299978366,184.94086923563168,0.06161239075225179,0.26668769733593944,0.8482142857142857,0.875
polygon_geometry_characteristic,108,123,0.09021257781663228,0.5536213195787664,191.8373441248392,0.05078760055110022,0.3116760336068736,0.8240740740740741,0.8780487804878049
polygon_similarity,113,128,0.09471393025069338,0.5536213195787664,188.8255072615813,0.056680234961592676,0.33130698293709276,0.831858407079646,0.8828125
position_relation_between_circle_point,2,2,0.4374922021210231,0.4374922021210231,11.76534378572595,0.07436964190571313,0.07436964190571313,0.5,1.0
product_rule,190,212,0.1376111091864206,0.7878919860627177,387.98807273482424,0.06738895492617329,0.3858352559570317,0.8631578947368421,0.8962264150943396
proportional_life_problems,3,3,0.03398926654740608,0.03398926654740608,9.843748225809504,0.010358635481438564,0.010358635481438564,0.3333333333333333,1.0
proportional_or_inverse_proportional,110,126,0.10623636751807786,0.4403701299978366,196.51746647454272,0.0594654543264346,0.24649571953461522,0.8363636363636363,0.873015873015873
pythagorean_theorem_2,113,129,0.09863432067416428,0.7878919860627177,205.82205514558194,0.054152011203546714,0.4325668323645548,0.8495575221238938,0.875968992248062
quadratic_function_word_problem,111,127,0.10114612830117331,0.4403701299978366,187.194133787341,0.05997634655680368,0.2611250867791106,0.8108108108108109,0.8740157480314961
quadratics_word_problems,128,144,0.10661116329859266,0.4633152173913043,230.76454705891175,0.05913485878199532,0.25699072315015176,0.8203125,0.8888888888888888
quotient_rule,190,212,0.1376111091864206,0.7878919860627177,389.3473267812704,0.0671536927235882,0.3844882629334587,0.8631578947368421,0.8962264150943396
radical_equations,67,78,0.07518912779190257,0.43509677632858035,106.65379174197898,0.047233872136911964,0.2733281540007438,0.7910447761194029,0.8589743589743589
radius_angle_by_percentage,0,1,,,0.0,,,0.0,0.0
radius_diameter_and_circumference,68,79,0.072290238350257,0.43509677632858035,95.94881661367495,0.051232900845562576,0.3083579541107825,0.7941176470588235,0.8607594936708861
radius_diameter_and_circumference_1,69,80,0.07588354998428126,0.43509677632858035,98.89553590905702,0.05294440139067883,0.30356959281033236,0.782608695652174,0.8625
rate_unit_transform,90,106,0.1005543181969284,0.4403701299978366,171.88096008934392,0.05265207171881873,0.23058581752861892,0.8333333333333334,0.8490566037735849
rates_and_ratios,3,3,0.13790767948317184,0.13790767948317184,6.669110237188153,0.062035717469854035,0.062035717469854035,0.3333333333333333,1.0
ratio_discount,3,3,0.22518915283803353,0.27001661129568105,7.2194668898420336,0.09357580951920987,0.11220355273417808,0.6666666666666666,1.0
reading_fractions_in_chinese,63,74,0.072290238350257,0.43509677632858035,88.59307491668439,0.05140678343481338,0.3094045097145436,0.7936507936507936,0.8513513513513513
reading_pictographs_2,30,38,0.04150894207205802,0.43509677632858035,37.362325759555965,0.0333295167483851,0.34936003111420166,0.6333333333333333,0.7894736842105263
reading_stem_and_leaf_plots,30,38,0.05011943264210361,0.43509677632858035,43.67888377160981,0.0344235669374042,0.2988378402275351,0.6333333333333333,0.7894736842105263
recognizing_fractions,66,79,0.07588354998428126,0.43509677632858035,94.22624229548526,0.05315201133944117,0.3047599749084148,0.7878787878787878,0.8354430379746836
recording_life _problem_by_expressions,0,1,,,0.0,,,0.0,0.0
recording_life_problem_by_expressions,108,124,0.10379975507149064,0.4403701299978366,180.37255045751778,0.062151217129689094,0.2636763405469942,0.8333333333333334,0.8709677419354839
relationships_linear_equations,111,127,0.1005543181969284,0.4403701299978366,182.92894426190705,0.06101565482102505,0.2672135053694661,0.8378378378378378,0.8740157480314961
reproduction,0,1,,,0.0,,,0.0,0.0
reproduction_bctest_cap,0,1,,,0.0,,,0.0,0.0
scale_see_compare_see,0,1,,,0.0,,,0.0,0.0
scaling_vectors,106,122,0.10173793840541823,0.4403701299978366,176.73080091911427,0.061020611092630246,0.2641261938327022,0.839622641509434,0.8688524590163934
seq-arithmetic-sequences-l2,0,6,,,0.0,,,0.0,0.0
seq-understaning-arithmetic-sequence,0,1,,,0.0,,,0.0,0.0
seq-understaning-arithmetic-sequence-1,0,1,,,0.0,,,0.0,0.0
seq-understaning-arithmetic-sequence-2,0,1,,,0.0,,,0.0,0.0
seq_sequence_exam_3,0,5,,,0.0,,,0.0,0.0
seq_sequence_pattern_2,0,4,,,0.0,,,0.0,0.0
sequences_word_problems,89,107,0.09543845274582866,0.4403701299978366,145.16358474688295,0.058513450940120434,0.26999155220744187,0.8314606741573034,0.8317757009345794
shifting_and_reflecting_functions,114,130,0.10661116329859266,0.4403701299978366,203.13921028052025,0.05982927963171777,0.24713197787087904,0.8333333333333334,0.8769230769230769
short_divide_gcf_and_lcm,0,1,,,0.0,,,0.0,0.0
side_length_cube_and_relationship_with_volume_cuboid,0,1,,,0.0,,,0.0,0.0
significant_figures_1,64,75,0.0699970220369267,0.43509677632858035,97.67341238759946,0.0458651878833309,0.28509491994122726,0.796875,0.8533333333333334
similar_triangles_review,111,126,0.09471393025069338,0.5536213195787664,181.08212485389183,0.058057890950361325,0.33935964978777605,0.8468468468468469,0.8809523809523809
simple_calculation_of_composite_volume,0,1,,,0.0,,,0.0,0.0
simple_hologram_surface_area,94,105,0.09863432067416428,0.4735294117647059,171.30573282723427,0.05412326832472144,0.2598381500213626,0.8297872340425532,0.8952380952380953
simplify_expressions_w_two_var_2,108,124,0.10114612830117331,0.4403701299978366,187.30911243075386,0.05831954310586529,0.2539116940044695,0.8333333333333334,0.8709677419354839
simplify_expressions_w_two_var_3,108,124,0.10114612830117331,0.4403701299978366,186.8162552878967,0.058473401255647796,0.25458156179435865,0.8333333333333334,0.8709677419354839
simplifying_rational_expressions_1,0,1,,,0.0,,,0.0,0.0
simplifying_rational_expressions_2,0,1,,,0.0,,,0.0,0.0
skip_counting_by_100s,13,17,0.06560622774035718,0.43509677632858035,16.181408312315153,0.05270746180822487,0.349552893240247,0.6153846153846154,0.7647058823529411
solutions_to_systems_of_equations,121,137,0.10220784459752996,0.46912843819533206,215.93673363534555,0.05727209534059939,0.26287579730410304,0.8181818181818182,0.8832116788321168
solving_for_a_variable,108,124,0.10173793840541823,0.4403701299978366,180.8960530593856,0.06074039296024919,0.2629132766327029,0.8425925925925926,0.8709677419354839
solving_linear_equations,107,123,0.10379975507149064,0.4403701299978366,179.21496989660307,0.06197347129571467,0.26292225441297606,0.8411214953271028,0.8699186991869918
solving_problems_with_line_plots_1,0,2,,,0.0,,,0.0,0.0
special_right_triangles,3,3,0.14316018924632978,0.20829126242006524,7.949726178379221,0.05402457368997724,0.07860318371212052,0.6666666666666666,1.0
special_triangle_and_quadrilateral_concept,86,97,0.08818121168605736,0.43509677632858035,135.0443707678615,0.056156240810932866,0.2770816921245776,0.813953488372093,0.8865979381443299
square_cm_square_m_unit_transform,84,95,0.08746059270924578,0.43509677632858035,145.2012386838032,0.05059660547094319,0.2517067315878042,0.7976190476190477,0.8842105263157894
square_root_calculation_3,63,74,0.072290238350257,0.43509677632858035,94.8003779852984,0.048040789634535716,0.2891454389870836,0.7936507936507936,0.8513513513513513
subtraction_of_vary_denominator_fraction,85,101,0.09671432315140016,0.4403701299978366,131.27538980841,0.06262192387976716,0.28513692554594955,0.8352941176470589,0.8415841584158416
surface_area_of_rectangular_boxes,66,77,0.07657797217665996,0.43509677632858035,96.97337263676799,0.052118906729075126,0.2961265186191774,0.803030303030303,0.8571428571428571
symmetry_concept_and_application,111,126,0.08955720423975061,0.5536213195787664,181.71778645057398,0.05470487982922994,0.33817254586665124,0.8468468468468469,0.8809523809523809
systems_of_equ_substitution_2,123,139,0.10403470816754651,0.46912843819533206,219.91148960388512,0.05818826987010756,0.26239101013759136,0.8130081300813008,0.8848920863309353
systems_of_equations_with_elimination_3,125,141,0.10403470816754651,0.46912843819533206,227.56001397825804,0.057146852355993434,0.2576948988059884,0.8,0.8865248226950354
systems_of_equations_word_problems,125,141,0.10623636751807786,0.46912843819533206,227.08851043409226,0.058477401231683386,0.2582299503498477,0.816,0.8865248226950354
tenfold_and_hundred_fold,0,1,,,0.0,,,0.0,0.0
the_four_arithmetic_exponentially,62,73,0.0699970220369267,0.43509677632858035,94.0087050599315,0.046163973469507735,0.28695215102872135,0.7903225806451613,0.8493150684931506
the_fundamental_theorem_of_arithmetic,34,41,0.0729846605426357,0.43509677632858035,44.79667846260327,0.05539425117246533,0.3302318587642904,0.7058823529411765,0.8292682926829268
time_units_transformation_2,43,51,0.0729846605426357,0.43509677632858035,53.8752143732444,0.05825202627670476,0.3472684350267816,0.7441860465116279,0.8431372549019608
time_units_transformation_3,43,51,0.0729846605426357,0.43509677632858035,53.728238071392546,0.05841137762908208,0.34821840532475223,0.7441860465116279,0.8431372549019608
time_word_problem_3,29,36,0.0729846605426357,0.43509677632858035,36.3693452404855,0.05819613033286988,0.3469352123359918,0.6206896551724138,0.8055555555555556
transportation_bctest_cap,0,1,,,0.0,,,0.0,0.0
trapezoid_concept_and_application,86,97,0.08818121168605736,0.43509677632858035,135.79069429727326,0.05584759871982785,0.27555881467357135,0.813953488372093,0.8865979381443299
triangle_central_core_concept,86,97,0.08818121168605736,0.43509677632858035,146.80781707719467,0.05165654224674782,0.25487963454005014,0.813953488372093,0.8865979381443299
triangle_length_of_side,82,93,0.08746059270924578,0.43509677632858035,138.39886563113348,0.051819562027861234,0.25779066538040807,0.8170731707317073,0.8817204301075269
triangles_congruent_nature_aas,105,120,0.09146305758330944,0.5536213195787664,168.56735411984172,0.056972010365778585,0.34484873337006405,0.8380952380952381,0.875
triangles_congruent_nature_asa,105,120,0.09146305758330944,0.5536213195787664,168.3710676476932,0.05703842816001214,0.34525075696143154,0.8380952380952381,0.875
triangles_congruent_nature_rhs,105,120,0.09146305758330944,0.5536213195787664,171.20183687846242,0.056095315455436265,0.3395421428628572,0.8380952380952381,0.875
triangles_congruent_nature_sas,105,120,0.09146305758330944,0.5536213195787664,169.30771923140358,0.05672287766821556,0.34334074559424066,0.8380952380952381,0.875
triangles_congruent_nature_sss,105,120,0.09021257781663228,0.5536213195787664,169.217221493847,0.055977285214382375,0.3435243649706432,0.8476190476190476,0.875
understand_length_unit,38,49,0.0729846605426357,0.43509677632858035,57.47086135819986,0.04825779595218211,0.2876880058824288,0.6842105263157895,0.7755102040816326
understand_percentage,0,1,,,0.0,,,0.0,0.0
unit_conversion_rate,99,117,0.10219811065724471,0.4403701299978366,156.745818441844,0.06454789707083047,0.27813592287925115,0.8484848484848485,0.8461538461538461
using_fractions_to_divide_pizzas_pies_and_cakes,83,100,0.09416258234025715,0.4403701299978366,121.62484665403989,0.06425902724031714,0.3005201798427622,0.8313253012048193,0.83
variables_word_problems_1,103,119,0.09863432067416428,0.4403701299978366,175.13520808098167,0.058008524617969986,0.25898917691526535,0.8349514563106796,0.865546218487395
variables_word_problems_2,102,119,0.09671432315140016,0.4403701299978366,170.72895808098167,0.057780830342580955,0.2630939341788377,0.8333333333333334,0.8571428571428571
vector_add_sub_two,127,143,0.10586157173756305,0.46912843819533206,227.4653882107631,0.05910534220799026,0.261926933673103,0.7952755905511811,0.8881118881118881
vertical_and_parallel,72,83,0.0777170306850738,0.43509677632858035,111.45383433408804,0.050205775716537164,0.28107573043879086,0.8055555555555556,0.8674698795180723
vertical_angles_2,78,89,0.0831583409513667,0.43509677632858035,120.04031221164587,0.05403476944287155,0.2827179297384131,0.8205128205128205,0.8764044943820225
vertical_concepts,71,82,0.07657797217665996,0.43509677632858035,110.59282037395134,0.04916264913181904,0.2793298065360251,0.8028169014084507,0.8658536585365854
volume_box_cover,68,79,0.07885608919348763,0.43509677632858035,99.57699640094442,0.05384992778418754,0.29712264739552696,0.8088235294117647,0.8607594936708861
volume_box_nocover,68,79,0.07885608919348763,0.43509677632858035,100.03156837727184,0.05360521835400421,0.2957724373445476,0.8088235294117647,0.8607594936708861
volume_container,68,79,0.07885608919348763,0.43509677632858035,99.02353834285739,0.05415090346086324,0.2987833123868327,0.8088235294117647,0.8607594936708861
volume_container_hight,68,79,0.07885608919348763,0.43509677632858035,99.4873465525849,0.05389845292861354,0.2973903899899996,0.8088235294117647,0.8607594936708861
volume_of_cylinders,85,96,0.08890183066286894,0.43509677632858035,150.1379623046132,0.050331411791857454,0.24632827980504013,0.8352941176470589,0.8854166666666666
volume_of_rectangular_boxes_3,87,98,0.09021257781663228,0.43509677632858035,136.92186023685315,0.057320973119050204,0.27646001504147016,0.8390804597701149,0.8877551020408163
volume_of_triangular_prisms,88,99,0.09146305758330944,0.43509677632858035,140.93363777497115,0.05711020586996183,0.2716776272961206,0.8409090909090909,0.8888888888888888
volume_unit_conversion,42,53,0.0729846605426357,0.43509677632858035,61.12789727151726,0.05014659230261158,0.2989480322647256,0.7142857142857143,0.7924528301886793
z_scores_3,71,82,0.07588354998428126,0.43509677632858035,302.4289032159732,0.0178148715006794,0.10214589541816521,0.7323943661971831,0.8658536585365854
addition_1,1,1,,,1.0463022233602184,,,0.0,1.0
number_line,1,1,,,1.1934312116238068,,,0.0,1.0
representing_numbers,9,9,0.10719190669376039,0.43509677632858035,11.858668318652398,0.08135206536862426,0.3302116967718865,0.6666666666666666,1.0
telling_time_0.5,1,1,,,1.2592254164616574,,,0.0,1.0
subtraction_1,2,2,0.0029796917548020607,0.0029796917548020607,2.0880570980120288,0.0028540328304613206,0.0028540328304613206,0.5,1.0
multiplication_0.5,22,29,0.06560622774035718,0.43509677632858035,26.929509858921048,0.05359685407752484,0.35545129225802713,0.5454545454545454,0.7586206896551724
multiplication_1,23,30,0.061821106572102935,0.43509677632858035,27.963495019886846,0.0508479161902746,0.35786749290246056,0.5652173913043478,0.7666666666666667
subtraction_2,3,3,0.05479542752669736,0.10661116329859266,3.195529437358318,0.05144258120682093,0.10008779332672275,0.6666666666666666,1.0
telling_time,2,2,0.15484009743694982,0.15484009743694982,2.4799381551897532,0.12487416035994026,0.12487416035994026,0.5,1.0
arithmetic_word_problems_1,24,31,0.06560622774035718,0.43509677632858035,29.34314705760744,0.053659870315796894,0.355869212371298,0.5833333333333334,0.7741935483870968
division_0.5,24,31,0.062155454715308034,0.43509677632858035,29.07500546184896,0.05130629863938569,0.3591511838437286,0.5833333333333334,0.7741935483870968
telling_time_2,3,3,0.10940417862249402,0.15484009743694982,4.377782929077881,0.07497231845084093,0.10610857135593385,0.6666666666666666,1.0
addition_2,21,28,0.06939134890861143,0.43509677632858035,25.85712165899621,0.056356556089213604,0.353366179863304,0.5238095238095238,0.75
number_line_2,39,48,0.06560622774035718,0.43509677632858035,56.14349204984484,0.04557327641113484,0.3022393808662554,0.6666666666666666,0.8125
count_one_by_one_1,1,1,,,1.234307810260342,,,0.0,1.0
writing_fractions_1,64,77,0.07588354998428126,0.43509677632858035,91.26393878950617,0.053214306366891354,0.30511715858828337,0.78125,0.8311688311688312
multiplication_1.5,26,33,0.055970269607103273,0.43509677632858035,31.336749880526757,0.04643835162653516,0.36099838776110277,0.6153846153846154,0.7878787878787878
prime_numbers,31,38,0.06939134890861143,0.43509677632858035,38.09167502188511,0.0564724920847153,0.35409312030612006,0.6774193548387096,0.8157894736842105
divisibility_intuition,28,35,0.062155454715308034,0.43509677632858035,34.37130448454883,0.050633886555308885,0.3544442062906524,0.6428571428571429,0.8
subtraction_3,4,4,0.059826174231722096,0.10661116329859266,4.365851793976178,0.05481283108534997,0.09767730864862645,0.75,1.0
