u,v
absolute_value,absolute_value_add_sub
absolute_value,comparing_absolute_values
absolute_value,interpreting_absolute_value
absolute_value_add_sub,absolute_value_add_sub_properties
absolute_values_meaning,absolute_value_add_sub
add_subtract_negative_fractions,multiplying_fractions_by_integers
adding_and_subtracting_complex_numbers,multiplying_complex_numbers
adding_and_subtracting_fractions,adding_subtracting_mixed_numbers_0.5
adding_and_subtracting_fractions,converting_decimals_to_fractions_1
adding_and_subtracting_fractions,counting_1
adding_and_subtracting_fractions,evaluating_expressions_1
adding_and_subtracting_fractions,subtract_of_positive_negative_fraction
adding_and_subtracting_negative_numbers,absolute_value
adding_and_subtracting_negative_numbers,absolute_values_meaning
adding_and_subtracting_negative_numbers,adding_subtracting_dicimals_fractions_and_percentage
adding_and_subtracting_negative_numbers,multiplying_and_dividing_negative_numbers
adding_and_subtracting_negative_numbers,multiplying_and_dividing_negative_numbers_new
adding_and_subtracting_negative_numbers,negative_number_word_problems
adding_and_subtracting_negative_numbers,negative_numbers_multiply_divide
adding_and_subtracting_negative_numbers,operations_with_negative_numbers
adding_and_subtracting_polynomials,adding_and_subtracting_complex_numbers
adding_and_subtracting_polynomials,combinations_of_polynomials
adding_and_subtracting_polynomials,multiplying_expressions_0.5
adding_and_subtracting_polynomials,recognizing_conic_sections
adding_and_subtracting_radicals,pythagorean_theorem_1
adding_and_subtracting_radicals,radical_multiplication_and_division
adding_and_subtracting_within_20,addition_2
adding_decimals,adding_decimals_2
adding_decimals,integers_multiply_decimals
adding_decimals,subtracting_decimals_0.5
adding_decimals_0.5,adding_decimals
adding_decimals_2,place_value
adding_decimals_2,recognize_decimal_percentile_position
adding_fractions,adding_and_subtracting_fractions
adding_fractions_with_common_denominators,adding_fractions
adding_fractions_with_common_denominators,decomposing_fractions
adding_fractions_with_common_denominators,fraction_word_problems_1
adding_fractions_with_common_denominators,simplifying_fractions
adding_negative_numbers,adding_and_subtracting_negative_numbers
adding_subtracting_carry_3,subtraction_4
adding_subtracting_dicimals_fractions_and_percentage,operations_with_negative_numbers
adding_subtracting_mixed_numbers_0.5,adding_subtracting_mixed_numbers_1
adding_subtracting_no_carry_3,subtraction_4
adding_vectors,scaling_vectors
addition_1,addition_2
addition_1,subtraction_1
addition_2,addition_3
addition_2,addition_4
addition_2,arithmetic_word_problems_1
addition_2,decimals_on_the_number_line_1
addition_2,estimation_three-digit_add_sub
addition_2,multiplication_0.5
addition_2,one_more_one_less
addition_4,adding_decimals
addition_4,recognize_num_less_than_10000
addition_within_20,count_number_to_100
addition_within_20,subtraction_within_20
advanced_fraction,complex_fraction
age_word_problems,recording_life_problem_by_expressions
alternate_exterior_angles,congruent_angles
alternate_exterior_angles,parallel_lines_1
alternate_exterior_angles_2,parallel_lines_2
alternate_interior_angles,congruent_angles
alternate_interior_angles,parallel_lines_1
alternate_interior_angles_2,parallel_lines_2
angle_addition_postulate,triangle_types
angle_rotation,angle_types
angle_types,complementary_angles
angle_types,exploring_angle_pairs_1
angle_types,supplementary_angles
angles_1,angles_2
angles_2,area_of_parallelograms
angles_2,areas_of_kites
angles_2,areas_of_rhombi
angles_2,areas_of_trapezoids
angles_2,congruency_postulates
angles_2,congruent_triangles_1
angles_2,quadrilateral_types
application_add_large_nums,hundred_million_adding_and_subtracting
application_of_gcd_and_lcm_1,least_common_multiple_and_greatest_common_divisor_word_problems
application_of_linear_equations_1,linear_equations_word_problems_2
application_of_scientific_notation,application_of_scientific_notation_2
applications_of_index,exponents_2
approximate_number,estimation_with_decimals
area_1,area_of_squares_and_rectangles
area_1,area_unit_cm_square
area_of_a_circle,area_of_a_circle2
area_of_a_circle,recognizing_rays_lines_and_line_segments
area_of_fans,arc_length_and_circular_sector_area
area_of_parallelograms,areas_of_circles_and_sectors
area_of_parallelograms,basic_graph_and_composite_graph_area
area_of_parallelograms,solid_geometry
area_of_squares_and_rectangles,area_of_a_circle
area_of_squares_and_rectangles,area_of_triangles_1
area_of_squares_and_rectangles,surface_area_of_rectangular_boxes
area_of_squares_and_rectangles,volume_box
area_of_squares_and_rectangles,volume_of_rectangular_boxes
area_of_squares_and_rectangles,volume_space
area_of_triangles_1,recognizing_rays_lines_and_line_segments
area_of_triangular_shapes,square_cm_square_m_unit_transform
area_relationship_larger_narrow_graph,area_relationship_larger_narrow_num
area_relationship_larger_narrow_num,graphing_scaling
area_unit_cm_square,area_of_squares_and_rectangles
areas_of_circles_and_sectors,shaded_areas
areas_of_circles_and_sectors,solid_geometry
areas_of_circles_and_sectors,surface_area_of_cylinders
areas_of_circles_and_sectors,volume_of_cylinders
areas_of_kites,pyramidal_prism
areas_of_kites,solid_geometry
areas_of_rhombi,solid_geometry
areas_of_rhombi,volume_and_cc
areas_of_trapezoids,solid_geometry
arithmetic_sequences_3,arithmetic_means
arithmetic_sequences_3,arithmetic_series_1
arithmetic_sequences_3,midpoint_coordinates
arithmetic_series_1,sequences_word_problems
arithmetic_word_problems,multiplication_and_division_order
arithmetic_word_problems,multiplying_and_dividing
arithmetic_word_problems_1,time_word_problem_1
arithmetic_word_problems_2,arithmetic_word_problems
arithmetic_word_problems_2,multiplication_and_division_word_problems
average_word_problems,calculating_averages_advanced
axis_of_symmetry,finding_axis_of_symmetry
axis_of_symmetry,judging_axis_of_symmetry
baseline_compareline,baseline_compareline_application
basic_compared_with_the_reference_quantity,baseline_compareline
basic_concept_of_circumcenter,triangle_central_core_concept
basic_concept_of_congruent_triangles,congruent_triangles_1
basic_concepts_of_probability_1,basic_concepts_of_probability_2
basic_graph_and_composite_graph_area,solid_geometry
calculation_of_proportions,multiple_proportions_reasoning
calculations_using_similar_shapes,polygon_similarity
circles_and_arcs,geometry_about_circle_concept
circles_and_arcs,inscribed_angles_1
circles_and_arcs,position_relation_between_circle_point
circles_and_arcs,radius_angle
circles_and_arcs,sectors_as_fraction_of_circles_1
circles_and_arcs,shaded_areas
circumferential_angle,inscribed_angles_1
combining_like_terms_1,combining_like_terms_2
combining_like_terms_2,linear_equations_1
combining_like_terms_2,simplificate_ractional_formula
combining_like_terms_with_two_variables,simplify_expressions_w_two_var_1
common_factor,common_factor_advance
common_form_for_life,reading_tables_1
compare_shapes,attributs_of_shapes
comparing_decimal_place_value,regrouping_decimals
comparing_decimals_1,comparing_decimals_2
comparing_decimals_2,recognize_decimal_percentile_position
comparing_fractions_1,comparing_fractions_2
comparing_fractions_2,ordering_fractions
comparing_improper_fractions_and_mixed_numbers,ordering_improper_fractions_and_mixed_numbers
comparing_lengths,length_word_problem
comparing_with_multiplication,multiplication_1.5
comparison_between_numbers_within_ten,representing_numbers
comparison_between_numbers_within_ten_0.5,comparison_between_numbers_within_ten
complementary_and_supplementary_angles,vertical_angles
complementary_and_supplementary_angles,vertical_angles_2
complementary_angles,complementary_and_supplementary_angles
completing_the_square_1,completing_the_square_2
completing_the_square_1,vertex_of_a_parabola
completing_the_square_1_new,completing_the_square_2_new
completing_the_square_2,quadratic_equation
completing_the_square_2_new,completing_the_square_1
complex_fraction,units
complex_number_polar_form_intuition_new,absolute_value_of_complex_numbers
composing_shapes,understanding_square_rectangular
composite_numbers,prime_factorization
computing_law_with_power,square_roots_2
concepts_related_to_diamond,special_triangle_and_quadrilateral_concept
concepts_related_to_diamond,trapezoid_concept_and_application
concepts_related_to_kite,parallelogram_concept_and_application
conditional_statements_2,conditional_statements_and_truth_value
conditional_statements_and_truth_value,geometry_proofs_intro
congruency_postulates,congruent_triangles_2
congruent_angles,alternate_exterior_angles_2
congruent_angles,alternate_interior_angles_2
congruent_angles,corresponding_angles_2
congruent_angles,same_side_exterior_angles_2
congruent_angles,same_side_interior_angles_2
congruent_segments,midpoint_of_a_segment
congruent_segments,segment_addition
congruent_triangles_1,congruent_triangles_2
congruent_triangles_2,degrees_to_radians
congruent_triangles_2,geometry_identification_concept
congruent_triangles_2,geometry_proofs_1
congruent_triangles_2,geometry_proofs_intro
congruent_triangles_2,planar_graph_resizing
congruent_triangles_2,radians_to_degrees
congruent_triangles_2,recognize_graph_zoom_effect
congruent_triangles_2,similar_triangles_1
congruent_triangles_2,triangles_congruent_nature_aas
congruent_triangles_2,triangles_congruent_nature_asa
congruent_triangles_2,triangles_congruent_nature_rhs
congruent_triangles_2,triangles_congruent_nature_sas
congruent_triangles_2,triangles_congruent_nature_sss
congruent_triangles_2,triangles_similar_nature
constant_function_and_a_fuction,functions_2
converse_inverse_and_contrapositive,conditional_statements_and_truth_value
converse_inverse_and_contrapositive,logical_arguments_deductive_reasoning
converting_between_point_slope_and_slope_intercept,equation_of_a_line
converting_between_slope_intercept_and_standard_form,equation_of_a_line
converting_decimals_to_fractions_1,converting_decimals_to_fractions_2
converting_decimals_to_fractions_2,converting_decimals_to_percents
converting_decimals_to_fractions_2,converting_percents_to_decimals
converting_decimals_to_fractions_2,decimals_distributive_law_of_multiplication
converting_decimals_to_percents,discount_tax_and_tip_word_problems
converting_decimals_to_percents,markup_and_commission_word_problems
converting_decimals_to_percents,percentage_word_problems_1
converting_fractions_to_decimals,converting_decimals_to_fractions_1
converting_mixed_numbers_and_improper_fractions,adding_subtracting_mixed_numbers_0.5
converting_mixed_numbers_and_improper_fractions,comparing_improper_fractions_and_mixed_numbers
converting_mixed_numbers_and_improper_fractions,fractions_on_the_number_line_2
converting_mixed_numbers_and_improper_fractions,multiplying_mixed_numbers_1
converting_percents_to_decimals,discount_tax_and_tip_word_problems
converting_percents_to_decimals,markup_and_commission_word_problems
converting_percents_to_decimals,percentage_word_problems_1
converting_repeating_decimals_to_fractions_1,converting_repeating_decimals_to_fractions_2
corresponding_angles,congruent_angles
corresponding_angles,parallel_lines_1
corresponding_angles_2,parallel_lines_2
count_number_to_100,addition_2
count_number_to_100,repeated_addition
count_number_to_100,skip_counting_by_100s
count_number_to_20,comparison_between_numbers_within_ten
count_number_to_20,count_number_to_20_2
count_number_to_20_2,number_within_fifty
count_number_to_50,count_number_to_100
count_numbers,count_number_to_100
count_numbers,skip_counting_by_5s
count_one_by_one_1,separation_and_union
counting_1,counting_2
counting_2,arithmetic_sequences_3
counting_2,permutations_1
counting_2,planting_problems
counting_2,probability_1
counting_2,regular_number_of_columns
creating_box_and_whisker_plots,percentage_concept
cross_multiplication_advanced,quadratic_polynomial_word_problem
cross_multiplication_advanced,quadratics_word_problems
decimals_on_the_number_line_1,decimals_on_the_number_line_2
decimals_on_the_number_line_1,decimals_on_the_number_line_2_new
decimals_on_the_number_line_2,adding_decimals_0.5
decimals_on_the_number_line_2_new,adding_decimals_0.5
decomposing_fractions,subtracting_fractions_with_common_denominators
definition_opposite_number,negative_number_word_problems
degrees_to_radians,radians_and_degrees
denominator_comparison,equivalent_fractions_conversion
derivative_intuition,derivatives_1
derivatives_1,power_rule
derivatives_1,special_derivatives
direct_and_inverse_variation,inverse_proportional_calculation
direct_and_inverse_variation,proportional_calculation
distance_formula,absolute_value_of_complex_numbers
distance_formula,midpoint_formula
distributive_property,multiplication_association_word_problems
distributive_property,order_of_operations
dividing_decimals_0.5,converting_fractions_to_decimals
dividing_decimals_0.5,dividing_decimals_1
dividing_decimals_0.5,dividing_decimals_int_to_int_0.5
dividing_decimals_1,dividing_decimals_2
dividing_decimals_2,dividing_decimals
dividing_decimals_int_to_int_0.5,dividing_decimals_int_to_int_0.7
dividing_decimals_int_to_int_0.7,dividing_decimals_1
dividing_fractions,fractions_cut_and_copy_1
dividing_fractions_0.5,dividing_fractions
dividing_fractions_0.5,dividing_fractions_word_problems
dividing_fractions_0.5,fractional_division_life_problem
dividing_polynomials,dividing_polynomials_5
dividing_polynomials_1,dividing_polynomials
dividing_polynomials_1,dividing_polynomials_2
dividing_polynomials_2,dividing_polynomials_3
dividing_polynomials_3,dividing_polynomials_4
dividing_polynomials_5,dividing_polynomials_6
divisibility_0.5,composite_numbers
divisibility_0.5,prime_numbers
divisibility_intuition,divisibility_0.5
divisibility_intuition,divisibility_tests
divisibility_tests,composite_numbers
divisibility_tests,prime_numbers
division_0.5,division_0.9
division_0.5,division_1
division_0.9,division_1.4
division_1,arithmetic_word_problems_2
division_1,division_1.4
division_1,division_1.5
division_1.5,division_2
division_1.5,division_word_problems_1
division_2,divisibility_intuition
division_2,division_2.9
division_2,division_3
division_3,dividing_decimals_0.5
division_3,division_4
division_3,division_word_problems_2
division_3,greatest_common_divisor
division_3,time_units_transformation_1
division_4,dividing_decimals_1
division_4,multiplying_and_dividing_negative_numbers
division_word_problems_1,division_word_problems_2
domain_and_range_0.5,domain_of_a_function
domain_and_range_0.5,range_of_a_function
domain_of_a_function,inverses_of_functions
domain_of_a_function,shifting_and_reflecting_functions
equal_parts_of_circles_and_rectangles,filling_rectangles_with_same-sized_squares
equation_of_a_circle_1,equation_of_a_circle_2
equation_of_a_circle_1,equation_of_a_hyperbola
equation_of_a_circle_1,equation_of_an_ellipse
equation_of_a_line,adding_and_subtracting_polynomials
equation_of_a_line,graphing_linear_equations
equation_of_a_line,imaginary_unit_powers
equation_of_a_line,line_relationships
equivalent_fractions,equivalent_fractions_2
equivalent_fractions_2,denominator_comparison
equivalent_fractions_2,simplifying_fractions
equivalent_fractions_conversion,simplifying_fractions
estimation_three-digit_add_sub,addition_4
evaluating_expressions_1,evaluating_expressions_2
evaluating_expressions_1,one_step_equation_problems
evaluating_expressions_1,one_step_equations
evaluating_expressions_1,understand_equivalent_axiom
evaluating_expressions_1,writing_expressions_1
evaluating_expressions_2,linear_equations_1
exploring_angle_pairs_1,vertical_angles
exploring_angle_pairs_1,vertical_angles_2
exploring_mean_and_median,mean_median_and_mode
exploring_standard_deviation_1,empirical_rule
exploring_standard_deviation_1,z_scores_1
exponent_rules,scientific_notation_intuition
exponent_rules,simplifying_expressions_with_exponents
exponents_1,applications_of_index
exponents_1,counting_1
exponents_2,cube_roots
exponents_2,exponent_rules
exponents_2,exponents_3
exponents_2,square_roots
exponents_3,exponents_4
exponents_3,logarithms_1
exponents_3,scientific_notation_intuition
expressing_ratios_as_fractions,ratio_and_the_ratio_of
expressions_with_unknown_variables,expressions_with_unknown_variables_2
factoring_difference_of_squares_1,factoring_difference_of_squares_2
factoring_difference_of_squares_2,factoring_difference_of_squares_3
factoring_difference_of_squares_3,factorization_by_add_sub_square
factoring_polynomials_1,factoring_polynomials_2
factoring_polynomials_1,solving_quadratics_by_factoring
factoring_polynomials_1,solving_quadratics_by_taking_the_square_root
factoring_polynomials_2,factoring_polynomials_by_grouping_1
factoring_polynomials_2,factoring_polynomials_with_two_variables
factorization_quadratic_polynomial,cross_multiplication_advanced
filling_rectangles_with_same-sized_squares,writing_fractions_1
find_gcd_and_lcm,get_gcd_and_lcm
finding_percentage,converting_decimals_to_percents
four_operations_and_decimal_fraction,integer_arithmetic
fraction_of_one_step_to_unknow_formula,multiplicative_problems
fraction_word_problems_1,fraction_of_one_step_to_unknow_formula
fraction_word_problems_1,multiplicative_problems
fractional_division_life_problem,dividing_fractions_word_problems
fractions_cut_and_copy_1,fractions_cut_and_copy_2
fractions_on_the_number_line_2,fractions_on_the_number_line_3
fractions_word_problem,advanced_fraction
fractions_word_problem,using_fractions_to_divide_pizzas_pies_and_cakes
functions_1,constant_function_and_a_fuction
functions_1,define_one_function
functions_1,domain_and_range_0.5
functions_1,functions_2
functions_1,quadratic_function_concept
functions_2,domain_of_a_function
functions_2,even_and_odd_functions
functions_2,functions_3
functions_2,range_of_a_function
functions_3,shifting_and_reflecting_functions
geometry_identification_concept,geometry_proofs_1
geometry_proofs_1,geometry_proofs_2
geometry_proofs_2,polygon_geometry_characteristic
get_gcd_and_lcm,greatest_common_divisor
get_gcd_and_lcm,least_common_multiple
graphing_inequalities,graphing_inequalities_2
graphing_inequalities_2,graphing_systems_of_inequalities
graphing_linear_equations,graphing_inequalities
graphing_linear_equations,graphing_systems_of_equations
graphing_parabolas_0.5,graphing_parabolas_1
graphing_parabolas_0.5,vertex_of_a_parabola
graphing_parabolas_1,graphing_parabolas_2
graphing_points,graphing_points_2
graphing_points,graphing_points_fraction_2
graphing_points,identifying_points_1
graphing_points,identifying_points_2
graphing_points_2,interpreting_linear_equations
graphing_points_2,moving_points
graphing_points_fraction_1,matrix_basic_percentage
graphing_systems_of_equations,distance_between_point_and_line
graphing_systems_of_equations,graphing_systems_of_inequalities
graphing_systems_of_equations,solutions_to_systems_of_equations
graphing_systems_of_equations,systems_of_equations_with_elimination_0.5
graphing_systems_of_equations,systems_of_equations_with_substitution
graphing_systems_of_inequalities,graphing_systems_of_inequalities_2
graphs_of_linear_equations,relationships_linear_equations
graphs_of_sine_and_cosine,limits_1
greatest_common_divisor,factor_word_problems
greatest_common_divisor,gcd_and_lcm_word_problems
greatest_common_divisor,gcd_of_life
greatest_common_divisor,simplifying_fractions
halves_and_fourths,equal_parts_of_circles_and_rectangles
halves_and_fourths,writing_fractions_1
hundred_million_adding_and_subtracting,application_division_large_nums
identifying_points_1,interpreting_linear_equations
identifying_points_2,graphing_points_fraction_1
identifying_points_2,interpreting_linear_equations
identifying_points_2,matrix_basic_percentage
imaginary_unit_powers,the_complex_plane
independent_probability,dependent_probability
inequalities_and_expressions,compound_inequalities
inequalities_on_a_number_line,one_step_inequalities
inscribed_angles_1,inscribed_angles_2
inscribed_angles_2,inscribed_angles_3
inscribed_angles_3,angle_of_osculation
integers_multiply_decimals,integers_multiply_decimals2
integers_multiply_decimals,multiplying_decimals
integers_multiply_decimals2,decimal_multiplier_calculation
integers_multiply_decimals2,multiplying_decimal_integer
interpreting_absolute_value,absolute_values_meaning
interpreting_absolute_value,constructing_and_interpreting_absolute_value
interpreting_linear_equations,graphs_of_linear_equations
interpreting_linear_equations,slope_of_a_line
interpreting_linear_equations,solving_for_the_y-intercept
inverse_proportional_calculation,proportional_or_inverse_proportional
inverse_trig_functions,limits_1
judging_axis_of_symmetry,symmetry_concept_and_application
kg_g_arithmatic,kg_g_time_div
kg_g_unit_transform,kg_g_arithmatic
kg_g_unit_transform,kg_g_unit_transform2
kg_g_unit_transform2,kg_g_arithmatic
l_ml_time_div,adding_and_subtracting_centimeter_and_millimeter
l_ml_transform,l_ml_arithmatic
l_ml_transform,l_ml_word_problem
l_ml_word_problem,l_ml_time_div
large_angle_long_edge,area_of_triangular_shapes
large_angle_long_edge,re_graphics
large_angle_long_edge,triangle_length_of_side
least_common_multiple,application_of_gcd_and_lcm_1
least_common_multiple,gcd_and_lcm_word_problems
least_common_multiple,lcm_word_problems
length_word_problem,measuring_segments
limits_1,limits_2
limits_2,derivative_intuition
line_graph_intuition,plugging_in_values
line_graph_intuition,point_slope_form
line_graph_intuition,slope_intercept_form
line_relationships,distance_between_point_and_line
linear_equations_1,adding_vectors
linear_equations_1,graphing_points
linear_equations_1,inequalities_on_a_number_line
linear_equations_1,linear_equations_2
linear_equations_1,realizing_inequalities
linear_equations_2,linear_equations_3
linear_equations_3,absolute_value_equations
linear_equations_3,age_word_problems
linear_equations_3,application_of_linear_equations_1
linear_equations_3,direct_and_inverse_variation
linear_equations_3,functions_1
linear_equations_3,linear_equations_4
linear_equations_3,linear_inequalities
linear_equations_3,new_definitions_1
linear_equations_3,solving_linear_equations
linear_equations_4,converting_repeating_decimals_to_fractions_1
linear_equations_4,expressions_with_unknown_variables
linear_equations_4,solving_for_a_variable
linear_inequalities,inequality_properties
linear_inequalities,solving_linear_inequalities
logarithms_1,logarithms_2
logical_arguments_deductive_reasoning,geometry_proofs_intro
marking_inequalities_range_on_a_number_line,inequalities_and_expressions
matrix_add_sub_2,matrix_add_sub_3
matrix_add_sub_2,matrix_add_zero_negative
matrix_add_sub_3,matrix_mul_scalar
matrix_add_sub_3,matrix_mul_two
matrix_add_sub_3,vector_add_sub_two
matrix_add_zero_negative,matrix_mul_zero_one
matrix_add_zero_negative,matrix_submatrix
matrix_basic_percentage,matrix_add_sub_2
matrix_basic_percentage,matrix_basic_distance
matrix_basic_percentage,matrix_basic_product
matrix_basic_product,matrix_row_operation
matrix_basic_product,matrix_transpose
matrix_mul_scalar,matrix_app_fruit_oil
matrix_row_echelon,matrix_gaussian_elimination
matrix_row_operation,matrix_triangular_and_symmetric
matrix_transpose,matrix_row_echelon
mean_median_and_mode,average_word_problems
mean_median_and_mode,creating_box_and_whisker_plots
mean_median_and_mode,range_quarter_case_chart
mean_median_and_mode,reading_bar_charts_3
mean_median_and_mode,ungroup_median
mean_median_and_mode,variance
meaning_congruent_planar_graph,basic_concept_of_congruent_triangles
meaning_of_equal_sign,count_number_to_100
measuring_angles,complementary_and_supplementary_angles
measuring_angles,exploring_angle_pairs_1
measuring_angles,measuring_and_comparing_angles
measuring_lengths_1,measuring_lengths_2
measuring_lengths_2,comparing_lengths
measuring_lengths_2,length_word_problem
measuring_lengths_with_different_units,comparing_size
measuring_segments,midpoint_of_a_segment
measuring_segments,segment_addition
metric_area_unit_comparison,km_m_unit_transform
metric_area_unit_comparison,multiple_unit_transate
metric_area_unit_conversion,metric_area_unit_comparison
metric_weight_unit_conversion,kg_g_unit_transform
metric_weight_unit_conversion,metric_weight_unit_selection
metric_weight_unit_conversion,metric_weight_unit_word_problem
metric_weight_unit_conversion,understand_length_unit
metric_weight_unit_conversion,understanding_km
midpoint_coordinates,arithmetic_series
millimeter_and_centimeter,l_ml_transform
millimeter_and_centimeter,meters_and_centimeters
multiplication_0.5,multiplication_1
multiplication_1,division_0.5
multiplication_1,multiplication_1.5
multiplication_1,multiply_by_tens
multiplication_1.5,multiplication_2
multiplication_1.5,multiplication_with_carrying
multiplication_1.5,reading_tables_1
multiplication_2,arithmetic_word_problems_2
multiplication_2,division_3
multiplication_2,multiplication_3
multiplication_2,multiplying_2_digits_by_2_digits_with_area_models
multiplication_3,multiplication_4
multiplication_3,multiplication_word_problems
multiplication_4,multiplication_word_problems
multiplication_4,multiplying_decimals
multiplication_and_division_word_problems,arithmetic_word_problems
multiplication_formula_1,multiplication_formula_add
multiplication_formula_add,multiplication_formula_sub
multiplication_with_carrying,multiplication_2
multiply_by_tens,comparing_with_multiplication
multiplying_2_digits_by_2_digits_with_area_models,multiplication_3
multiplying_and_dividing,multiplication_and_division_order
multiplying_and_dividing_negative_numbers,distributive_property
multiplying_and_dividing_negative_numbers,exponents_1
multiplying_and_dividing_negative_numbers,number_properties_terminology_1
multiplying_and_dividing_negative_numbers,properties_of_numbers_1
multiplying_and_dividing_negative_numbers_new,negative_numbers_multiply_divide
multiplying_complex_numbers,dividing_complex_numbers
multiplying_decimals,understanding_moving_the_decimal
multiplying_expressions_0.5,multiplying_expressions_1
multiplying_expressions_0.5,multiplying_polynomials
multiplying_expressions_1,dividing_polynomials_1
multiplying_expressions_1,factoring_difference_of_squares_1
multiplying_expressions_1,factoring_polynomials_1
multiplying_expressions_1,multiplying_complex_numbers
multiplying_expressions_1,recognizing_factoring
multiplying_fractions,dividing_fractions
multiplying_fractions,fractions_word_problem
multiplying_fractions,multiplying_fractions_word_problems
multiplying_fractions,multiplying_mixed_numbers_1
multiplying_fractions,units
multiplying_fractions_0.5,dividing_fractions_0.5
multiplying_fractions_0.5,multiplying_fractions
multiplying_polynomials,common_factor
multiplying_polynomials,dividing_polynomials_1
multiplying_polynomials,factoring_difference_of_squares_1
multiplying_polynomials,factoring_polynomials_1
multiplying_polynomials,multiplication_formula_1
multiplying_polynomials,multiplication_formula_minus
multiplying_radicals,combining_like_terms_1
multiplying_radicals,evaluating_expressions_1
naming_shapes,compare_shapes
naming_shapes,naming_shapes_2
naming_shapes_2,compare_shapes
narrative_and_opposite_narrative,converse_inverse_and_contrapositive
negative_nums_on_num_line_without_reference_to_zero,ordering_negative_numbers
new_definitions_1,new_definitions_2
notation_calculation_type,order_of_operations
notation_calculation_type,word_problem_formula_translate
number_line,addition_2
number_line,number_line_0.5_new
number_line,understand_coins
number_line_0.5,number_line_0.7_new
number_line_0.5_new,number_line_0.5
number_line_0.7,number_line_4
number_line_0.7_new,number_line_0.7
number_line_2,number_line_3
number_line_3,definition_opposite_number
number_line_3,interpreting_negative_numbers
number_line_3,negative_number_word_problems
number_line_3,negative_nums_on_num_line_without_reference_to_zero
number_line_3,ordering_negative_numbers
number_line_4,addition_2
number_properties_terminology_1,notation_calculation_type
number_properties_terminology_1,order_of_operations
number_sense_length_l1,number_sense_length_l2
number_sense_length_l2,number_sense_length_l3
number_sense_weight_l1,number_sense_weight_l2
number_sense_weight_l2,number_sense_weight_l3
number_sequence_within_ten,comparison_between_numbers_within_ten
number_sequence_within_ten,comparison_between_numbers_within_ten_0.5
number_within_fifty,count_number_to_50
number_within_fifty,representing_numbers
one_step_equations,linear_equations_1
one_step_inequalities,compound_inequalities
one_step_inequalities,linear_inequalities
one_step_inequalities,marking_inequalities_range_on_a_number_line
operations_with_negative_numbers,add_subtract_negative_fractions
order_of_operations,adding_fractions_with_common_denominators
order_of_operations,area_1
order_of_operations,arithmetic_reasoning
order_of_operations,chickens_and_rabbits_questions
order_of_operations,equivalent_fractions
order_of_operations,exploring_mean_and_median
order_of_operations,four_operations_and_decimal_fraction
order_of_operations,integer_arithmetic
order_of_operations,perimeter_1
order_of_operations,perimeter_of_combined_shapes
order_of_operations,reading_fractions_in_chinese
order_of_operations,recognizing_fractions_0.5
order_of_operations,subtracting_fractions_with_common_denominators
order_of_operations,writing_fractions_1
ordering_fractions,ordering_numbers
ordering_negative_numbers,adding_negative_numbers
parabola_intuition_1,parabola_intuition_2
parabola_intuition_2,graphing_parabolas_0.5
parallel_and_perpendicular,vertical_and_parallel
parallel_lines_1,alternate_exterior_angles_2
parallel_lines_1,alternate_interior_angles_2
parallel_lines_1,corresponding_angles_2
parallel_lines_1,same_side_exterior_angles_2
parallel_lines_1,same_side_interior_angles_2
parallel_lines_2,basic_concept_of_congruent_triangles
parallel_lines_2,congruent_triangles_1
parallel_lines_2,parallel_lines_proportion
parallel_lines_proportion,basic_concept_of_congruent_triangles
parts_of_circles,radius_diameter_and_circumference
parts_of_circles,radius_diameter_and_circumference_1
parts_of_circles,understand_circle
percentage_word_problems_1,percentage_word_problems_2
perimeter_1,perimeter_deduction
perimeter_1,perimeter_of_squares_and_rectangles
perimeter_of_combined_shapes,perimeter_deduction
perimeter_of_squares_and_rectangles,parts_of_circles
perimeter_of_squares_and_rectangles,radius_and_diameter
place_value,hundred_million_adding_and_subtracting
place_value,place_value_big_number
place_value,place_value_concept
place_value,rounding_whole_numbers
place_value,understand_large_numbers_and_conversion
place_value,understanding_decimals_place_value
place_value_concept,understand_large_numbers_and_conversion
planar_graph_resizing,triangles_similar_nature
point_slope_form,converting_between_point_slope_and_slope_intercept
points_lines_and_planes,geometric_construction
points_lines_and_planes,lines_plane_vertical_parallel
points_lines_and_planes,parallel_and_perpendicular
points_lines_and_planes,vertical_concepts
polynomial_concept_and_proper_noun,combinations_of_polynomials
power_rule,chain_rule_1
power_rule,lhopitals_rule
power_rule,product_rule
power_rule,quotient_rule
prime_factorization,divisibility
prime_factorization,get_gcd_and_lcm
prime_factorization,greatest_common_divisor
prime_factorization,least_common_multiple
prime_factorization,least_common_multiple_and_greatest_common_divisor_word_problems
prime_factorization,the_fundamental_theorem_of_arithmetic
prime_numbers,prime_factorization
probability_1,basic_concepts_of_probability_1
probability_1,independent_probability
properties_of_incenters,basic_concept_of_circumcenter
properties_of_numbers_1,properties_of_numbers_2
properties_of_numbers_2,order_of_operations
proportional_calculation,proportional_or_inverse_proportional
proportions_1,proportions_2
proportions_2,rates_and_ratios
proportions_inner_outer_product,proportional_life_problems
pyramidal_prism,volume_of_triangular_prisms
pythagorean_thaorem_application,distance_formula
pythagorean_theorem_1,distance_formula
pythagorean_theorem_1,pythagorean_thaorem_application
pythagorean_theorem_1,special_right_triangles
pythagorean_theorem_1,trigonometry_0.5
quadratic_equation,kinematic_equations
quadratic_equation,limits_1
quadratic_function_concept,quadratic_function_graphing
quadratic_function_graphing,quadratic_function_maximum_and_minimum
quadratic_function_maximum_and_minimum,quadratic_function_word_problem
quadratic_polynomial_word_problem,quadratics_word_problems
quadrilateral_angles,concepts_related_to_diamond
quadrilateral_angles,concepts_related_to_kite
quadrilateral_angles,concepts_related_to_parallelogram
quadrilateral_types,angles_of_a_polygon
quadrilateral_types,geometry_categorial_proposition
quadrilateral_types,properties_of_incenters
quadrilateral_types,quadrilateral_angles
radians_and_degrees,trigonometry_0.5
radians_and_degrees,unit_circle
radians_to_degrees,radians_and_degrees
radical_multiplication_and_division,simplifying_radicals
radius_and_diameter,radius_diameter_and_circumference_1
radius_angle,circumferential_angle
radius_angle,inscribed_angles_1
radius_diameter_and_circumference_314_1,area_of_a_circle
radius_diameter_and_circumference_314_1,radius_diameter_and_circumference_1
range_of_a_function,inverses_of_functions
range_of_a_function,shifting_and_reflecting_functions
range_of_triangle_sides_2,nature_of_isosceles_triangle
range_quarter_case_chart,creating_box_and_whisker_plots
rate_problems_0.5,rate_problems_1
rate_problems_0.5,speed_equal_to_distance_divide_time
rate_problems_1,rate_problems_2
rate_problems_2,rate_unit_transform
ratio,calculation_of_proportions
ratio_and_the_ratio_of,baseline_compareline
ratio_and_the_ratio_of,scale
ratio_money,ratio_discount
ratio_word_problems,ratio_money
re_graphics,area_of_triangular_shapes
reading_bar_charts_1,creating_bar_charts_1
reading_bar_charts_1,reading_bar_charts_2
reading_bar_charts_1,reading_line_charts_1
reading_bar_charts_2,reading_bar_charts_3
reading_bar_charts_3,draw_a_pie_chart
reading_line_charts_1,plotting_the_line_of_best_fit
reading_pictographs_1,reading_pictographs_2
reading_tables_1,reading_pictographs_1
reading_tables_1,reading_tables_2
reading_tables_2,reading_bar_charts_1
reading_tables_2,reading_stem_and_leaf_plots
reading_tables_2,statistical_table_and_chart
realizing_inequalities,inequalities_on_a_number_line
recognize_decimal_percentile_position,ordering_decimals_new
recognize_decimal_percentile_position,place_value
recognize_graph_zoom_effect,triangles_similar_nature
recognize_num_less_than_10000,adding_decimals
recognizing_conic_sections,equation_of_a_circle_1
recognizing_conic_sections,parabola_intuition_1
recognizing_factoring,dividing_polynomials_1
recognizing_fractions_0.5,adding_fractions_with_common_denominators
recognizing_fractions_0.5,converting_fractions_to_decimals
recognizing_fractions_0.5,equivalent_fractions
recognizing_fractions_0.5,fractions_on_the_number_line_1
recognizing_fractions_0.5,recognizing_fractions
recognizing_fractions_0.5,subtracting_fractions_with_common_denominators
recognizing_rays_lines_and_line_segments,angle_types
recognizing_rays_lines_and_line_segments,congruent_segments
recognizing_rays_lines_and_line_segments,measuring_angles
recognizing_rays_lines_and_line_segments,measuring_segments
recognizing_rays_lines_and_line_segments,points_lines_and_planes
recognizing_rays_lines_and_line_segments,understanding_comparing_angle
recognizing_shapes,naming_shapes
regrouping_decimals,decimals_on_the_number_line_1
regular_number_of_columns,planting_problems
repeated_addition,adding_and_subtracting_within_20
represent_by_symbol_addend,represent_by_symbol_subtrahend
represent_by_symbol_dividend,evaluating_expressions_1
represent_by_symbol_multiplier,represent_by_symbol_dividend
represent_by_symbol_subtrahend,represent_by_symbol_multiplier
representing_numbers,count_numbers
rounding_numbers,approximate_number
rounding_numbers,estimation_with_decimals
rounding_numbers,metric_area_unit_conversion
rounding_numbers,metric_weight_unit_conversion
rounding_numbers,speed_equal_to_distance_divide_time
rounding_whole_numbers,rounding_numbers
same_side_exterior_angles,congruent_angles
same_side_exterior_angles,parallel_lines_1
same_side_exterior_angles_2,parallel_lines_2
same_side_interior_angles,congruent_angles
same_side_interior_angles,parallel_lines_1
same_side_interior_angles_2,parallel_lines_2
scale,baseline_compareline
scientific_notation,multiplying_and_dividing_scientific_notation
scientific_notation,scientific_notation_decimals
scientific_notation,significant_figures_1
scientific_notation_decimals,application_of_scientific_notation
scientific_notation_intuition,scientific_notation
sectors_as_fraction_of_circles_1,sectors_as_fraction_of_circles_2
sectors_as_fraction_of_circles_2,area_of_fans
sectors_as_fraction_of_circles_2,perimeter_of_sector
segment_addition,alternate_exterior_angles
segment_addition,alternate_interior_angles
segment_addition,corresponding_angles
segment_addition,make_a_line_by_ruler_and_compasses
segment_addition,same_side_exterior_angles
segment_addition,same_side_interior_angles
separation_and_union,number_sequence_within_ten
seq-arithmetic-means-1,seq-arithmetic-means-2
seq-arithmetic-means-2,seq_sequence_exam_1
seq-arithmetic-sequences-l1,seq-arithmetic-sequences-l2
seq_sequence_exam_1,seq_sequence_exam_2
seq_sequence_exam_2,seq_sequence_exam_3
seq_sequence_pattern_1,seq_sequence_pattern_2
seq_understanding_sequence_1,seq_understanding_sequence_2
seq_understanding_sequence_2,arithmetic_sequences_3
seq_understanding_sequence_2,seq_sequence_pattern_1
seq_understanding_sequence_2,seq_understaning_arithmetic_sequence_1
seq_understaning_arithmetic_sequence_1,seq_understaning_arithmetic_sequence_2
seq_understaning_arithmetic_sequence_2,seq-arithmetic-sequences-l1
shaded_areas,herons_formula
sides_and_angles_of_simple_shapes,understanding_square_rectangular
similar_triangles_1,axis_of_symmetry
similar_triangles_1,similar_triangles_2
similar_triangles_2,basic_concept_of_similar_shapes
similar_triangles_2,solving_similar_triangles_1
simple_hologram_concept,solid_geometry
simplificate_ractional_formula,combining_like_terms_with_two_variables
simplificate_ractional_formula,multiple_brackets
simplify_expressions_w_two_var_1,eval_expressions_w_two_var
simplify_expressions_w_two_var_1,simplify_expressions_w_two_var_2
simplify_expressions_w_two_var_1,simplify_expressions_w_two_var_3
simplify_the_root_type,simplifying_radicals
simplifying_expressions_with_exponents,the_four_arithmetic_exponentially
simplifying_fractions,adding_fractions
simplifying_fractions,comparing_fractions_1
simplifying_fractions,converting_mixed_numbers_and_improper_fractions
simplifying_fractions,expressing_ratios_as_fractions
simplifying_fractions,multiplying_fractions_0.5
simplifying_fractions,subtracting_fractions
simplifying_radicals,multiplying_radicals
simplifying_radicals,radical_equations
skip_counting_by_10s,meaning_of_equal_sign
skip_counting_by_5s,skip_counting_by_10s
slope_intercept_form,converting_between_point_slope_and_slope_intercept
slope_intercept_form,converting_between_slope_intercept_and_standard_form
slope_of_a_line,line_graph_intuition
solid_geometry,simple_hologram_surface_area
solving_for_the_x-intercept,slope_intercept_form
solving_for_the_y-intercept,solving_for_the_x-intercept
solving_linear_inequalities,inequality_symbol_word_problems
solving_problems_with_picture_graphs_1,solving_problems_with_line_plots_1
solving_quadratics_by_factoring,completing_the_square_1
solving_quadratics_by_factoring,cross_multiplication_advanced
solving_quadratics_by_factoring,factorization_quadratic_polynomial
solving_quadratics_by_factoring,solving_quadratics_by_factoring_2
solving_quadratics_by_factoring_2,completing_the_square_2
solving_quadratics_by_taking_the_square_root,completing_the_square_1
solving_quadratics_by_taking_the_square_root,completing_the_square_1_new
solving_similar_triangles_1,similar_triangles_review
solving_similar_triangles_1,solving_similar_triangles_2
solving_similar_triangles_2,calculations_using_similar_shapes
sort-groups-by-count_1,common_form_for_life
special_derivatives,chain_rule_1
special_derivatives,lhopitals_rule
special_derivatives,product_rule
special_derivatives,quotient_rule
speed_applying,unit_conversion_rate
speed_equal_to_distance_divide_time,speed_applying
square_roots,computing_law_with_power
square_roots,square_roots_2
square_roots_2,simplify_the_root_type
square_roots_2,simplifying_radicals
square_roots_2,square_root_calculation_3
standard_deviation,empirical_rule
standard_deviation,z_scores_1
statistical_table_and_chart,reading_bar_charts_1
subtract_of_positive_negative_fraction,addition_of_vary_denominator_fraction
subtract_of_positive_negative_fraction,subtraction_of_vary_denominator_fraction
subtracting_decimals,adding_and_subtracting_decimals_word_problems
subtracting_decimals,hundred_million_adding_and_subtracting
subtracting_decimals,number_line_2
subtracting_decimals_0.5,subtracting_decimals
subtracting_fractions,adding_and_subtracting_fractions
subtracting_fractions_with_common_denominators,fraction_word_problems_1
subtracting_fractions_with_common_denominators,simplifying_fractions
subtracting_fractions_with_common_denominators,subtracting_fractions
subtraction_1,one_more_one_less
subtraction_1,subtraction_2
subtraction_2,arithmetic_word_problems_1
subtraction_2,subtraction_3
subtraction_2,time_terminology
subtraction_3,adding_subtracting_no_carry_3
subtraction_3,subtraction_4
subtraction_3,time_word_problem_2
subtraction_4,adding_subtracting_carry_2
subtraction_4,subtracting_decimals_0.5
subtraction_4,subtraction_and_addition
subtraction_and_addition,adding_subtracting_carry_2
subtraction_within_20,adding_and_subtracting_within_20
supplementary_angles,complementary_and_supplementary_angles
surface_area_of_cylinders,cone_surface_arc
systems_of_equ_elimination_1,systems_of_equations_with_elimination_2
systems_of_equ_elimination_1,systems_of_equations_with_elimination_3
systems_of_equ_substitution_1,systems_of_equ_substitution_2
systems_of_equations,systems_of_equations_word_problems
systems_of_equations_with_elimination,matrix_add_sub_2
systems_of_equations_with_elimination,systems_of_equ_elimination_1
systems_of_equations_with_elimination,systems_of_equations
systems_of_equations_with_elimination_0.5,systems_of_equations_with_elimination
systems_of_equations_with_elimination_2,systems_of_equations_with_elimination_3
systems_of_equations_with_substitution,systems_of_equ_substitution_1
systems_of_equations_with_substitution,systems_of_equations
telling_time,telling_time_2
telling_time,time_terminology
telling_time_0.5,telling_time
telling_time_2,telling_time_comparing
telling_time_2,time_word_problem_1
telling_time_2,time_word_problem_2
telling_time_comparing,speed_equal_to_distance_divide_time
the_complex_plane,absolute_value_of_complex_numbers
the_complex_plane,adding_and_subtracting_complex_numbers
time_terminology,addition_two_numbers
time_terminology,date_and_weekday
time_terminology,morning_afternoon_night
time_units_transformation_1,time_units_transformation_2
time_units_transformation_1,time_units_transformation_3
time_word_problem_1,time_word_problem_3
time_word_problem_2,time_units_transformation_1
time_word_problem_2,time_word_problem_4
time_word_problem_4,time_word_problem_5
time_word_problem_5,time_units_transformation_1
triangle_angles_1,angle_bisector_theorem
triangle_angles_1,triangle_inequality_theorem
triangle_angles_sum,triangle_angles_1
triangle_inequality_theorem,range_of_triangle_sides_2
triangle_types,angles_1
triangle_types,large_angle_long_edge
triangle_types,triangle_angles_1
triangle_types,triangle_angles_sum
triangles_similar_nature,area_relationship_larger_narrow_graph
triangles_similar_nature,similar_triangles_1
trig_identities_1,limits_1
trigonometry_0.5,trigonometry_1
trigonometry_1,trigonometry_1.5
trigonometry_1.5,pythagorean_theorem_2
trigonometry_1.5,trigonometry_2
trigonometry_2,graphs_of_sine_and_cosine
trigonometry_2,inverse_trig_functions
trigonometry_2,trig_identities_1
understand_circle,radius_diameter_and_circumference
understand_coins,addition_2
understand_equivalent_axiom,one_step_equation_problems
understand_large_numbers_and_conversion,hundred_million_adding_and_subtracting
understand_range_of_graphie,perimeter_1
understanding_comparing_angle,angle_rotation
understanding_decimals_place_value,l_ml_transform
understanding_decimals_place_value,millimeter_and_centimeter
understanding_km,understand_length_unit
understanding_moving_the_decimal,decimal_two_steps
understanding_moving_the_decimal,volume_unit_conversion
understanding_square_rectangular,perimeter_of_combined_shapes
ungroup_median,variance
unit_circle,trigonometry_1
units,rate_problems_0.5
variance,exploring_standard_deviation_1
variance,standard_deviation
vertex_of_a_parabola,graphing_parabolas_2
vertex_of_a_parabola,parabola_intuition_3
vertical_angles,angle_addition_postulate
visualizing_equivalent_fraction,equivalent_fractions
volume_and_cc,volume_of_rectangular_boxes
volume_box,volume_box_cover
volume_box,volume_box_nocover
volume_box,volume_container
volume_box,volume_container_hight
volume_of_rectangular_boxes,volume_of_rectangular_boxes_2
volume_of_rectangular_boxes,volume_of_triangular_prisms
volume_of_rectangular_boxes_2,simple_hologram_concept
volume_of_rectangular_boxes_2,volume_of_rectangular_boxes_3
volume_space,volume_box_cover
volume_space,volume_box_nocover
volume_space,volume_container
volume_space,volume_container_hight
word_problem_formula_translate,integer_arithmetic
writing_and_interpreting_decimals,comparing_decimal_place_value
writing_expressions_1,age_problems
writing_expressions_1,age_problems_new
writing_expressions_1,writing_expressions_2
writing_expressions_2,writing_expressions_3
writing_expressions_2,writing_expressions_w_two_var
writing_expressions_3,variables_word_problems_1
writing_expressions_3,variables_word_problems_2
writing_expressions_w_two_var,combining_like_terms_with_two_variables
writing_fractions_1,recognizing_fractions_0.5
writing_proportions,calculation_of_proportions
writing_proportions,proportions_inner_outer_product
writing_proportions,ratio
z_scores_1,z_scores_2
z_scores_2,z_scores_3
