n,width,beta,seed,solver,p_bar_mode,optimal_cost,expanded_states,generated_states,oracle_calls,stored_states,wall_seconds,timeout
10,2,0.0,42,full_dp,tight,1107.162561496514,17,24,24,18,0.00019360000078449957,False
10,2,0.0,42,dijkstra,tight,1107.1625614965142,18,24,24,18,0.00016999999934341758,False
10,2,0.0,42,lao,tight,1107.162561496514,13,20,20,18,0.00044630000047618523,False
10,2,0.0,42,astar,loose,1107.1625614965142,18,24,24,18,0.00019239999892306514,False
10,2,0.0,42,astar,tight,1107.1625614965142,11,16,16,17,0.00012589999823831022,False
10,2,0.0,43,full_dp,tight,1186.3584425006886,22,34,34,23,0.00020389999917824753,False
10,2,0.0,43,dijkstra,tight,1186.3584425006886,23,34,34,23,0.0002328000009583775,False
10,2,0.0,43,lao,tight,1186.3584425006886,14,25,25,22,0.000492299997858936,False
10,2,0.0,43,astar,loose,1186.3584425006889,23,34,34,23,0.00024090000079013407,False
10,2,0.0,43,astar,tight,1186.3584425006886,11,17,17,18,0.00013920000128564425,False
10,2,0.0,44,full_dp,tight,1339.0430385618295,25,40,40,26,0.00022109999918029644,False
10,2,0.0,44,dijkstra,tight,1339.0430385618295,26,40,40,26,0.00024950000079115853,False
10,2,0.0,44,lao,tight,1339.0430385618295,11,18,18,18,0.0003859999997075647,False
10,2,0.0,44,astar,loose,1339.0430385618295,26,40,40,26,0.0002767000005405862,False
10,2,0.0,44,astar,tight,1339.0430385618295,11,15,15,16,0.00011620000077527948,False
10,2,0.5,42,full_dp,tight,879.5869842506035,17,24,24,18,0.00017410000145900995,False
10,2,0.5,42,dijkstra,tight,879.5869842506033,18,24,24,18,0.00016110000069602393,False
10,2,0.5,42,lao,tight,879.5869842506035,12,19,19,18,0.0004078999991179444,False
10,2,0.5,42,astar,loose,879.5869842506033,18,24,24,18,0.00017419999858248048,False
10,2,0.5,42,astar,tight,879.5869842506033,11,16,16,17,0.00012369999967631884,False
10,2,0.5,43,full_dp,tight,948.937564899316,22,34,34,23,0.00021010000273236074,False
10,2,0.5,43,dijkstra,tight,948.9375648993159,23,34,34,23,0.0002480000002833549,False
10,2,0.5,43,lao,tight,948.9375648993162,12,21,21,20,0.00042050000047311187,False
10,2,0.5,43,astar,loose,948.937564899316,23,34,34,23,0.00024230000053648837,False
10,2,0.5,43,astar,tight,948.9375648993159,11,19,19,20,0.00015039999925647862,False
10,2,0.5,44,full_dp,tight,1040.7299760142184,25,40,40,26,0.0002473999993526377,False
10,2,0.5,44,dijkstra,tight,1040.7299760142184,26,40,40,26,0.00025239999740733765,False
10,2,0.5,44,lao,tight,1040.7299760142184,10,15,15,16,0.0003318999988550786,False
10,2,0.5,44,astar,loose,1040.7299760142187,26,40,40,26,0.000276400001894217,False
10,2,0.5,44,astar,tight,1040.7299760142187,11,16,16,17,0.00012559999959194101,False
10,2,1.0,42,full_dp,tight,786.9018044363971,17,24,24,18,0.00015419999908772297,False
10,2,1.0,42,dijkstra,tight,786.901804436397,18,24,24,18,0.0001658000001043547,False
10,2,1.0,42,lao,tight,786.9018044363971,11,16,16,16,0.0003630999999586493,False
10,2,1.0,42,astar,loose,786.901804436397,18,24,24,18,0.0001765000015439,False
10,2,1.0,42,astar,tight,786.901804436397,11,16,16,17,0.00012380000043776818,False
10,2,1.0,43,full_dp,tight,845.7987817374254,22,34,34,23,0.00019899999824701808,False
10,2,1.0,43,dijkstra,tight,845.7987817374255,23,34,34,23,0.00023130000045057386,False
10,2,1.0,43,lao,tight,845.7987817374254,10,17,17,18,0.0003494000011414755,False
10,2,1.0,43,astar,loose,845.7987817374257,23,34,34,23,0.0002362000013818033,False
10,2,1.0,43,astar,tight,845.7987817374257,22,33,33,23,0.00022140000146464445,False
10,2,1.0,44,full_dp,tight,893.9958952290559,25,40,40,26,0.00023039999723550864,False
10,2,1.0,44,dijkstra,tight,893.9958952290558,26,40,40,26,0.00025240000104531646,False
10,2,1.0,44,lao,tight,893.9958952290559,10,17,17,18,0.00035660000139614567,False
10,2,1.0,44,astar,loose,893.9958952290559,26,40,40,26,0.0002679999997781124,False
10,2,1.0,44,astar,tight,893.9958952290558,12,19,19,19,0.0001407999989169184,False
10,2,2.0,42,full_dp,tight,729.5255439370569,17,24,24,18,0.00015269999857991934,False
10,2,2.0,42,dijkstra,tight,729.5255439370568,18,24,24,18,0.00016139999934239313,False
10,2,2.0,42,lao,tight,729.5255439370569,12,18,18,17,0.00041280000004917383,False
10,2,2.0,42,astar,loose,729.5255439370568,18,24,24,18,0.00017529999968246557,False
10,2,2.0,42,astar,tight,729.5255439370568,11,16,16,17,0.00012399999832268804,False
10,2,2.0,43,full_dp,tight,774.9808546520026,22,34,34,23,0.0002080000012938399,False
10,2,2.0,43,dijkstra,tight,774.9808546520026,23,34,34,23,0.0002206999997724779,False
10,2,2.0,43,lao,tight,774.9808546520026,12,22,22,21,0.00043310000182827935,False
10,2,2.0,43,astar,loose,774.9808546520027,23,34,34,23,0.00023409999994328246,False
10,2,2.0,43,astar,tight,774.9808546520027,21,32,32,23,0.00021349999951780774,False
10,2,2.0,44,full_dp,tight,775.8591273620436,25,40,40,26,0.0002257999985886272,False
10,2,2.0,44,dijkstra,tight,775.8591273620435,26,40,40,26,0.0002516000022296794,False
10,2,2.0,44,lao,tight,775.8591273620436,10,17,17,18,0.00035569999818108045,False
10,2,2.0,44,astar,loose,775.8591273620436,26,40,40,26,0.00026869999783230014,False
10,2,2.0,44,astar,tight,775.8591273620436,11,17,17,18,0.0001291999979002867,False
10,3,0.0,42,full_dp,tight,1107.162561496514,44,91,91,45,0.003036699999938719,False
10,3,0.0,42,dijkstra,tight,1107.162561496514,45,91,91,45,0.0005543999977817293,False
10,3,0.0,42,lao,tight,1107.1625614965142,12,28,28,27,0.00047930000073392875,False
10,3,0.0,42,astar,loose,1107.1625614965142,45,91,91,45,0.0005520999984582886,False
10,3,0.0,42,astar,tight,1107.1625614965142,11,21,21,22,0.000152900000102818,False
10,3,0.0,43,full_dp,tight,1186.3584425006886,36,69,69,37,0.00036729999919771217,False
10,3,0.0,43,dijkstra,tight,1186.3584425006886,37,69,69,37,0.00043679999726009555,False
10,3,0.0,43,lao,tight,1186.3584425006886,15,34,34,29,0.000587500002438901,False
10,3,0.0,43,astar,loose,1186.3584425006889,37,69,69,37,0.0004422999991220422,False
10,3,0.0,43,astar,tight,1186.3584425006886,11,22,22,23,0.0001644000003580004,False
10,3,0.0,44,full_dp,tight,1339.0430385618292,49,101,101,50,0.00047819999963394366,False
10,3,0.0,44,dijkstra,tight,1339.0430385618292,50,101,101,50,0.0006012000012560748,False
10,3,0.0,44,lao,tight,1339.0430385618295,19,43,43,32,0.0007913000008556992,False
10,3,0.0,44,astar,loose,1339.0430385618292,50,101,101,50,0.0005936999987170566,False
10,3,0.0,44,astar,tight,1339.0430385618292,12,26,26,26,0.00017859999934444204,False
10,3,0.5,42,full_dp,tight,919.1105263031801,44,91,91,45,0.0004499000024225097,False
10,3,0.5,42,dijkstra,tight,919.1105263031801,45,91,91,45,0.0005409000004874542,False
10,3,0.5,42,lao,tight,919.1105263031802,14,33,33,31,0.0005763999979535583,False
10,3,0.5,42,astar,loose,919.1105263031802,45,91,91,45,0.0005400999980338383,False
10,3,0.5,42,astar,tight,919.1105263031801,11,23,23,24,0.0001736999984132126,False
10,3,0.5,43,full_dp,tight,954.6199725224551,36,69,69,37,0.00040699999954085797,False
10,3,0.5,43,dijkstra,tight,954.619972522455,37,69,69,37,0.00042209999810438603,False
10,3,0.5,43,lao,tight,954.6199725224552,12,28,28,27,0.00047819999963394366,False
10,3,0.5,43,astar,loose,954.6199725224552,37,69,69,37,0.0004258999979356304,False
10,3,0.5,43,astar,tight,954.6199725224551,11,22,22,23,0.0001570999993418809,False
10,3,0.5,44,full_dp,tight,1073.440378541454,49,101,101,50,0.0004884000009042211,False
10,3,0.5,44,dijkstra,tight,1073.4403785414543,50,101,101,50,0.0005807000015920494,False
10,3,0.5,44,lao,tight,1073.4403785414543,13,33,33,30,0.0005404000003181864,False
10,3,0.5,44,astar,loose,1073.4403785414543,50,101,101,50,0.0005892000008316245,False
10,3,0.5,44,astar,tight,1073.4403785414543,11,21,21,22,0.00015899999925750308,False
10,3,1.0,42,full_dp,tight,841.9314572294733,44,91,91,45,0.0004507999983616173,False
10,3,1.0,42,dijkstra,tight,841.9314572294732,45,91,91,45,0.0005364999997254927,False
10,3,1.0,42,lao,tight,841.9314572294734,12,32,32,31,0.0005077000023447908,False
10,3,1.0,42,astar,loose,841.9314572294734,45,91,91,45,0.0005366999976104125,False
10,3,1.0,42,astar,tight,841.9314572294734,11,25,25,26,0.00018930000078398734,False
10,3,1.0,43,full_dp,tight,869.3681536889376,36,69,69,37,0.00036609999733627774,False
10,3,1.0,43,dijkstra,tight,869.3681536889376,37,69,69,37,0.00042359999861218967,False
10,3,1.0,43,lao,tight,869.3681536889376,13,30,30,27,0.0005271000009088311,False
10,3,1.0,43,astar,loose,869.3681536889377,37,69,69,37,0.0005719000000681262,False
10,3,1.0,43,astar,tight,869.3681536889376,11,23,23,24,0.00017490000027464703,False
10,3,1.0,44,full_dp,tight,933.8724883642691,49,101,101,50,0.000496600001497427,False
10,3,1.0,44,dijkstra,tight,933.8724883642691,50,101,101,50,0.000585900001169648,False
10,3,1.0,44,lao,tight,933.8724883642692,10,25,25,26,0.00041430000055697747,False
10,3,1.0,44,astar,loose,933.8724883642692,50,101,101,50,0.0005879999989701901,False
10,3,1.0,44,astar,tight,933.8724883642691,11,23,23,24,0.0001626999983272981,False
10,3,2.0,42,full_dp,tight,783.7455008478526,44,91,91,45,0.0004503999989537988,False
10,3,2.0,42,dijkstra,tight,783.7455008478526,45,91,91,45,0.0004907999973511323,False
10,3,2.0,42,lao,tight,783.7455008478526,11,27,27,27,0.0003273999973316677,False
10,3,2.0,42,astar,loose,783.7455008478526,45,91,91,45,0.0003634000022429973,False
10,3,2.0,42,astar,tight,783.7455008478527,40,83,83,44,0.0003141999986837618,False
10,3,2.0,43,full_dp,tight,826.4681831693435,36,69,69,37,0.00027410000257077627,False
10,3,2.0,43,dijkstra,tight,826.4681831693435,37,69,69,37,0.0004459000010683667,False
10,3,2.0,43,lao,tight,826.4681831693435,13,30,30,28,0.0005143000016687438,False
10,3,2.0,43,astar,loose,826.4681831693437,37,69,69,37,0.00043819999700644985,False
10,3,2.0,43,astar,tight,826.4681831693435,11,22,22,23,0.00015970000094966963,False
10,3,2.0,44,full_dp,tight,813.5130726087277,49,101,101,50,0.0004747000020870473,False
10,3,2.0,44,dijkstra,tight,813.5130726087277,50,101,101,50,0.0005904999998165295,False
10,3,2.0,44,lao,tight,813.5130726087278,11,26,26,26,0.0004273000013199635,False
10,3,2.0,44,astar,loose,813.5130726087277,50,101,101,50,0.0006049000003258698,False
10,3,2.0,44,astar,tight,813.5130726087277,11,21,21,22,0.00014939999891794287,False
10,5,0.0,42,full_dp,tight,1107.162561496514,104,283,283,105,0.0012431999966793228,False
10,5,0.0,42,dijkstra,tight,1107.162561496514,105,283,283,105,0.0016166999994311482,False
10,5,0.0,42,lao,tight,1107.162561496514,16,48,48,42,0.0007522999985667411,False
10,5,0.0,42,astar,loose,1107.1625614965144,105,283,283,105,0.0015026000000943895,False
10,5,0.0,42,astar,tight,1107.1625614965142,11,32,32,33,0.00021749999723397195,False
10,5,0.0,43,full_dp,tight,1186.3584425006884,104,285,285,105,0.0012234999994689133,False
10,5,0.0,43,dijkstra,tight,1186.3584425006884,105,285,285,105,0.00145419999898877,False
10,5,0.0,43,lao,tight,1186.3584425006886,18,57,57,49,0.0008586999974795617,False
10,5,0.0,43,astar,loose,1186.3584425006886,105,285,285,105,0.0016577999995206483,False
10,5,0.0,43,astar,tight,1186.3584425006884,11,33,33,34,0.00023220000002766028,False
10,5,0.0,44,full_dp,tight,1339.0430385618292,157,479,479,158,0.001896000001579523,False
10,5,0.0,44,dijkstra,tight,1339.043038561829,158,479,479,158,0.0026424999996379483,False
10,5,0.0,44,lao,tight,1339.0430385618295,10,35,35,36,0.00047649999760324135,False
10,5,0.0,44,astar,loose,1339.0430385618297,158,479,479,158,0.0023543000024801586,False
10,5,0.0,44,astar,tight,1339.0430385618295,14,39,39,37,0.00024680000205989927,False
10,5,0.5,42,full_dp,tight,922.9020608950649,104,283,283,105,0.0012120999999751803,False
10,5,0.5,42,dijkstra,tight,922.9020608950649,105,283,283,105,0.001668299999437295,False
10,5,0.5,42,lao,tight,922.902060895065,11,36,36,36,0.0005105000018374994,False
10,5,0.5,42,astar,loose,922.902060895065,105,283,283,105,0.0015026000000943895,False
10,5,0.5,42,astar,tight,922.902060895065,11,32,32,33,0.0002133999987563584,False
10,5,0.5,43,full_dp,tight,1013.7936231740409,104,285,285,105,0.0012093999976059422,False
10,5,0.5,43,dijkstra,tight,1013.7936231740409,105,285,285,105,0.0016271999993477948,False
10,5,0.5,43,lao,tight,1013.793623174041,16,46,46,42,0.0007250000016938429,False
10,5,0.5,43,astar,loose,1013.7936231740409,105,285,285,105,0.0015033999989100266,False
10,5,0.5,43,astar,tight,1013.7936231740409,11,35,35,36,0.0002328000009583775,False
10,5,0.5,44,full_dp,tight,1146.3347047041896,157,479,479,158,0.0018622000025061425,False
10,5,0.5,44,dijkstra,tight,1146.3347047041893,158,479,479,158,0.002645299999130657,False
10,5,0.5,44,lao,tight,1146.3347047041896,12,35,35,34,0.0005276999982015695,False
10,5,0.5,44,astar,loose,1146.3347047041898,158,479,479,158,0.0023141999990912154,False
10,5,0.5,44,astar,tight,1146.3347047041896,12,35,35,35,0.0002334000018890947,False
10,5,1.0,42,full_dp,tight,875.0209701337833,104,283,283,105,0.0012152000017522369,False
10,5,1.0,42,dijkstra,tight,875.0209701337834,105,283,283,105,0.0016199999990931246,False
10,5,1.0,42,lao,tight,875.0209701337834,10,34,34,35,0.00047819999963394366,False
10,5,1.0,42,astar,loose,875.0209701337835,105,283,283,105,0.0015203000002657063,False
10,5,1.0,42,astar,tight,875.0209701337835,14,41,41,38,0.00026679999791667797,False
10,5,1.0,43,full_dp,tight,965.3933098187814,104,285,285,105,0.001212300001498079,False
10,5,1.0,43,dijkstra,tight,965.3933098187814,105,285,285,105,0.0016338000023097266,False
10,5,1.0,43,lao,tight,965.3933098187816,15,54,54,47,0.0007342999997490551,False
10,5,1.0,43,astar,loose,965.3933098187815,105,285,285,105,0.0015186999989964534,False
10,5,1.0,43,astar,tight,965.3933098187815,11,32,32,33,0.0002162000018870458,False
10,5,1.0,44,full_dp,tight,1072.7066654087664,157,479,479,158,0.00149049999890849,False
10,5,1.0,44,dijkstra,tight,1072.7066654087662,158,479,479,158,0.002153199999156641,False
10,5,1.0,44,lao,tight,1072.7066654087664,19,66,66,59,0.0009753000013006385,False
10,5,1.0,44,astar,loose,1072.7066654087666,158,479,479,158,0.002363399999012472,False
10,5,1.0,44,astar,tight,1072.7066654087664,11,38,38,39,0.00024359999952139333,False
10,5,2.0,42,full_dp,tight,853.2955474310382,104,283,283,105,0.0012166000014985912,False
10,5,2.0,42,dijkstra,tight,853.2955474310382,105,283,283,105,0.001627800000278512,False
10,5,2.0,42,lao,tight,853.2955474310384,10,35,35,36,0.00048210000022663735,False
10,5,2.0,42,astar,loose,853.2955474310384,105,283,283,105,0.0015196999993349891,False
10,5,2.0,42,astar,tight,853.2955474310384,11,33,33,34,0.00022990000070421956,False
10,5,2.0,43,full_dp,tight,943.198133019974,104,285,285,105,0.0012165000007371418,False
10,5,2.0,43,dijkstra,tight,943.198133019974,105,285,285,105,0.0014197999989846721,False
10,5,2.0,43,lao,tight,943.1981330199741,11,37,37,37,0.00044440000056056306,False
10,5,2.0,43,astar,loose,943.198133019974,105,285,285,105,0.0017229999975825194,False
10,5,2.0,43,astar,tight,943.198133019974,11,30,30,31,0.00023499999952036887,False
10,5,2.0,44,full_dp,tight,1026.5458001178094,157,479,479,158,0.0021254000021144748,False
10,5,2.0,44,dijkstra,tight,1026.5458001178094,158,479,479,158,0.002993500002048677,False
10,5,2.0,44,lao,tight,1026.5458001178097,10,35,35,36,0.0005650999992212746,False
10,5,2.0,44,astar,loose,1026.5458001178097,158,479,479,158,0.0026871000009123236,False
10,5,2.0,44,astar,tight,1026.5458001178097,11,35,35,36,0.00026789999901666306,False
15,2,0.0,42,full_dp,tight,1910.0183054737358,34,53,53,35,0.0003969999997934792,False
15,2,0.0,42,dijkstra,tight,1910.0183054737356,35,53,53,35,0.00043649999861372635,False
15,2,0.0,42,lao,tight,1910.0183054737358,18,33,33,31,0.0009011000001919456,False
15,2,0.0,42,astar,loose,1910.0183054737358,35,53,53,35,0.000495000000228174,False
15,2,0.0,42,astar,tight,1910.0183054737358,16,25,25,26,0.0002549999990151264,False
15,2,0.0,43,full_dp,tight,1882.9117951242067,34,53,53,35,0.0004085000000486616,False
15,2,0.0,43,dijkstra,tight,1882.9117951242067,35,53,53,35,0.000465299999632407,False
15,2,0.0,43,lao,tight,1882.9117951242067,19,31,31,28,0.0009573999996064231,False
15,2,0.0,43,astar,loose,1882.9117951242067,35,53,53,35,0.0005135999999765772,False
15,2,0.0,43,astar,tight,1882.911795124207,16,24,24,25,0.00025459999960730784,False
15,2,0.0,44,full_dp,tight,2051.146369406904,30,45,45,31,0.00038610000046901405,False
15,2,0.0,44,dijkstra,tight,2051.1463694069043,31,45,45,31,0.0003814999981841538,False
15,2,0.0,44,lao,tight,2051.1463694069043,17,28,28,27,0.0008515999979863409,False
15,2,0.0,44,astar,loose,2051.1463694069043,31,45,45,31,0.00044770000022253953,False
15,2,0.0,44,astar,tight,2051.1463694069043,16,23,23,24,0.0002443000012135599,False
15,2,0.5,42,full_dp,tight,1441.1264149726908,34,53,53,35,0.00042799999937415123,False
15,2,0.5,42,dijkstra,tight,1441.126414972691,35,53,53,35,0.0004484000019147061,False
15,2,0.5,42,lao,tight,1441.126414972691,15,27,27,28,0.0007760000007692724,False
15,2,0.5,42,astar,loose,1441.1264149726912,35,53,53,35,0.0005034999994677491,False
15,2,0.5,42,astar,tight,1441.1264149726912,17,25,25,25,0.00026449999859323725,False
15,2,0.5,43,full_dp,tight,1439.8045592509438,34,53,53,35,0.00042240000038873404,False
15,2,0.5,43,dijkstra,tight,1439.8045592509436,35,53,53,35,0.00044890000208397396,False
15,2,0.5,43,lao,tight,1439.8045592509438,19,34,34,31,0.0010077000006276648,False
15,2,0.5,43,astar,loose,1439.8045592509438,35,53,53,35,0.0006213999986357521,False
15,2,0.5,43,astar,tight,1439.804559250944,20,34,34,31,0.0003262999998696614,False
15,2,0.5,44,full_dp,tight,1505.495229687633,30,45,45,31,0.00036439999894355424,False
15,2,0.5,44,dijkstra,tight,1505.4952296876327,31,45,45,31,0.00040719999742577784,False
15,2,0.5,44,lao,tight,1505.495229687633,15,26,26,27,0.0007342000026255846,False
15,2,0.5,44,astar,loose,1505.4952296876327,31,45,45,31,0.00042190000021946616,False
15,2,0.5,44,astar,tight,1505.495229687633,27,40,40,30,0.00037460000021383166,False
15,2,1.0,42,full_dp,tight,1229.546184826275,34,53,53,35,0.0004051000032632146,False
15,2,1.0,42,dijkstra,tight,1229.546184826275,35,53,53,35,0.0004683999977714848,False
15,2,1.0,42,lao,tight,1229.5461848262753,16,28,28,28,0.0008335999991686549,False
15,2,1.0,42,astar,loose,1229.5461848262753,35,53,53,35,0.00047869999980321154,False
15,2,1.0,42,astar,tight,1229.5461848262753,16,25,25,26,0.0002521999995224178,False
15,2,1.0,43,full_dp,tight,1243.2984958807529,34,53,53,35,0.0003977999986091163,False
15,2,1.0,43,dijkstra,tight,1243.2984958807533,35,53,53,35,0.00027659999977913685,False
15,2,1.0,43,lao,tight,1243.2984958807529,15,28,28,29,0.00045220000174595043,False
15,2,1.0,43,astar,loose,1243.2984958807533,35,53,53,35,0.0003890999978466425,False
15,2,1.0,43,astar,tight,1243.2984958807533,33,51,51,35,0.0004175000030954834,False
15,2,1.0,44,full_dp,tight,1262.5921404739947,30,45,45,31,0.0003136000013910234,False
15,2,1.0,44,dijkstra,tight,1262.5921404739947,31,45,45,31,0.00035879999995813705,False
15,2,1.0,44,lao,tight,1262.5921404739947,16,26,26,26,0.0006759999996575061,False
15,2,1.0,44,astar,loose,1262.5921404739947,31,45,45,31,0.00036890000046696514,False
15,2,1.0,44,astar,tight,1262.592140473995,25,38,38,30,0.00031179999859887175,False
15,2,2.0,42,full_dp,tight,1076.2705831987403,34,53,53,35,0.00036950000139768235,False
15,2,2.0,42,dijkstra,tight,1076.27058319874,35,53,53,35,0.0003968999990320299,False
15,2,2.0,42,lao,tight,1076.2705831987403,16,26,26,26,0.0006988999994064216,False
15,2,2.0,42,astar,loose,1076.27058319874,35,53,53,35,0.00042520000351942144,False
15,2,2.0,42,astar,tight,1076.27058319874,16,25,25,26,0.00023879999935161322,False
15,2,2.0,43,full_dp,tight,1104.3009175559282,34,53,53,35,0.000362000002496643,False
15,2,2.0,43,dijkstra,tight,1104.3009175559284,35,53,53,35,0.0003988999997091014,False
15,2,2.0,43,lao,tight,1104.3009175559284,18,31,31,29,0.0007986999989952892,False
15,2,2.0,43,astar,loose,1104.3009175559287,35,53,53,35,0.0004391000002215151,False
15,2,2.0,43,astar,tight,1104.3009175559284,16,25,25,26,0.00022879999960423447,False
15,2,2.0,44,full_dp,tight,1089.8603513009946,30,45,45,31,0.00032619999910821207,False
15,2,2.0,44,dijkstra,tight,1089.8603513009946,31,45,45,31,0.0003429000025789719,False
15,2,2.0,44,lao,tight,1089.8603513009948,18,29,29,27,0.0007886999992479105,False
15,2,2.0,44,astar,loose,1089.8603513009948,31,45,45,31,0.0003705000017362181,False
15,2,2.0,44,astar,tight,1089.8603513009946,16,25,25,26,0.00024510000002919696,False
15,3,0.0,42,full_dp,tight,1910.0183054737356,61,120,120,62,0.0007598999982292298,False
15,3,0.0,42,dijkstra,tight,1910.0183054737356,62,120,120,62,0.0008938999999372754,False
15,3,0.0,42,lao,tight,1910.0183054737358,18,40,40,38,0.0008835000007820781,False
15,3,0.0,42,astar,loose,1910.0183054737358,62,120,120,62,0.000690799999574665,False
15,3,0.0,42,astar,tight,1910.0183054737356,17,33,33,33,0.0001987000032386277,False
15,3,0.0,43,full_dp,tight,1882.9117951242065,76,159,159,77,0.0006247999990591779,False
15,3,0.0,43,dijkstra,tight,1882.9117951242067,77,159,159,77,0.000745400000596419,False
15,3,0.0,43,lao,tight,1882.9117951242067,20,49,49,44,0.0006977000011829659,False
15,3,0.0,43,astar,loose,1882.911795124207,77,159,159,77,0.0007468000003427733,False
15,3,0.0,43,astar,tight,1882.911795124207,16,27,27,28,0.00016400000095018186,False
15,3,0.0,44,full_dp,tight,2051.146369406904,68,138,138,69,0.0005611000015051104,False
15,3,0.0,44,dijkstra,tight,2051.146369406904,69,138,138,69,0.0006632000004174188,False
15,3,0.0,44,lao,tight,2051.146369406904,19,42,42,38,0.0006424999992304947,False
15,3,0.0,44,astar,loose,2051.1463694069043,69,138,138,69,0.0006691999988106545,False
15,3,0.0,44,astar,tight,2051.1463694069043,16,31,31,32,0.00018529999942984432,False
15,3,0.5,42,full_dp,tight,1340.7047739449256,61,120,120,62,0.0004853999998886138,False
15,3,0.5,42,dijkstra,tight,1340.7047739449254,62,120,120,62,0.0005980999994790182,False
15,3,0.5,42,lao,tight,1340.7047739449256,21,45,45,39,0.0006804000004194677,False
15,3,0.5,42,astar,loose,1340.7047739449256,62,120,120,62,0.0006016999977873638,False
15,3,0.5,42,astar,tight,1340.7047739449256,17,34,34,34,0.00020039999799337238,False
15,3,0.5,43,full_dp,tight,1443.502723592595,76,159,159,77,0.0006185999991430435,False
15,3,0.5,43,dijkstra,tight,1443.5027235925954,77,159,159,77,0.000753400003304705,False
15,3,0.5,43,lao,tight,1443.5027235925952,17,40,40,39,0.0005727999996452127,False
15,3,0.5,43,astar,loose,1443.5027235925959,77,159,159,77,0.0007560000012745149,False
15,3,0.5,43,astar,tight,1443.5027235925957,55,119,119,74,0.0006346000009216368,False
15,3,0.5,44,full_dp,tight,1472.5097945580376,68,138,138,69,0.000556999999389518,False
15,3,0.5,44,dijkstra,tight,1472.5097945580376,69,138,138,69,0.0006675999975414015,False
15,3,0.5,44,lao,tight,1472.5097945580378,21,51,51,46,0.0007365999990724958,False
15,3,0.5,44,astar,loose,1472.509794558038,69,138,138,69,0.0006640999999945052,False
15,3,0.5,44,astar,tight,1472.5097945580378,16,31,31,32,0.0001827000014600344,False
15,3,1.0,42,full_dp,tight,1153.4251997520898,61,120,120,62,0.0006437000010919292,False
15,3,1.0,42,dijkstra,tight,1153.4251997520898,62,120,120,62,0.0005902999982936308,False
15,3,1.0,42,lao,tight,1153.4251997520898,16,35,35,35,0.0005278999997244682,False
15,3,1.0,42,astar,loose,1153.42519975209,62,120,120,62,0.0005893999987165444,False
15,3,1.0,42,astar,tight,1153.42519975209,16,29,29,30,0.00018519999866839498,False
15,3,1.0,43,full_dp,tight,1275.1994935227037,76,159,159,77,0.0006195000023581088,False
15,3,1.0,43,dijkstra,tight,1275.199493522704,77,159,159,77,0.0007613000016135629,False
15,3,1.0,43,lao,tight,1275.199493522704,21,49,49,44,0.0007359000010183081,False
15,3,1.0,43,astar,loose,1275.1994935227044,77,159,159,77,0.0007516000005125534,False
15,3,1.0,43,astar,tight,1275.1994935227042,19,43,43,40,0.00024619999749120325,False
15,3,1.0,44,full_dp,tight,1251.076460608694,68,138,138,69,0.0005592000015894882,False
15,3,1.0,44,dijkstra,tight,1251.0764606086937,69,138,138,69,0.0006704000006720889,False
15,3,1.0,44,lao,tight,1251.076460608694,17,36,36,35,0.0005485000001499429,False
15,3,1.0,44,astar,loose,1251.076460608694,69,138,138,69,0.0006762000011804048,False
15,3,1.0,44,astar,tight,1251.076460608694,16,35,35,36,0.00020320000112405978,False
15,3,2.0,42,full_dp,tight,1067.0499150102114,61,120,120,62,0.0004842000016651582,False
15,3,2.0,42,dijkstra,tight,1067.0499150102116,62,120,120,62,0.0006775000001653098,False
15,3,2.0,42,lao,tight,1067.0499150102114,16,33,33,33,0.0005144000024301931,False
15,3,2.0,42,astar,loose,1067.0499150102116,62,120,120,62,0.0005811999981233384,False
15,3,2.0,42,astar,tight,1067.0499150102116,16,29,29,30,0.0001733999997668434,False
15,3,2.0,43,full_dp,tight,1165.0142026435547,76,159,159,77,0.0007729999997536652,False
15,3,2.0,43,dijkstra,tight,1165.0142026435547,77,159,159,77,0.0007638999995833728,False
15,3,2.0,43,lao,tight,1165.0142026435547,18,41,41,38,0.0005884000020159874,False
15,3,2.0,43,astar,loose,1165.0142026435549,77,159,159,77,0.0007521000006818213,False
15,3,2.0,43,astar,tight,1165.0142026435547,27,54,54,45,0.0002854999984265305,False
15,3,2.0,44,full_dp,tight,1107.842191500184,68,138,138,69,0.0005596999981207773,False
15,3,2.0,44,dijkstra,tight,1107.842191500184,69,138,138,69,0.0006661999977950472,False
15,3,2.0,44,lao,tight,1107.8421915001843,18,42,42,40,0.0005990999998175539,False
15,3,2.0,44,astar,loose,1107.842191500184,69,138,138,69,0.0006794000000809319,False
15,3,2.0,44,astar,tight,1107.842191500184,16,35,35,36,0.00020199999926262535,False
15,5,0.0,42,full_dp,tight,1910.0183054737356,234,688,688,235,0.0025940000014088582,False
15,5,0.0,42,dijkstra,tight,1910.0183054737356,235,688,688,235,0.0033196000003954396,False
15,5,0.0,42,lao,tight,1910.0183054737358,25,88,88,77,0.0010742000013124198,False
15,5,0.0,42,astar,loose,1910.0183054737358,235,688,688,235,0.0029316000000108033,False
15,5,0.0,42,astar,tight,1910.0183054737358,29,79,79,66,0.0004109999972570222,False
15,5,0.0,43,full_dp,tight,1882.9117951242065,236,688,688,237,0.0023192999979073647,False
15,5,0.0,43,dijkstra,tight,1882.9117951242065,237,688,688,237,0.0032279000006383285,False
15,5,0.0,43,lao,tight,1882.9117951242067,23,83,83,74,0.00099209999825689,False
15,5,0.0,43,astar,loose,1882.9117951242067,237,688,688,237,0.0028617000025406014,False
15,5,0.0,43,astar,tight,1882.911795124207,16,45,45,46,0.00026330000036978163,False
15,5,0.0,44,full_dp,tight,2051.146369406904,282,866,866,283,0.003213399999367539,False
15,5,0.0,44,dijkstra,tight,2051.146369406904,283,866,866,283,0.00401630000123987,False
15,5,0.0,44,lao,tight,2051.1463694069043,16,62,62,62,0.0006958000012673438,False
15,5,0.0,44,astar,loose,2051.146369406904,283,866,866,283,0.0035715999983949587,False
15,5,0.0,44,astar,tight,2051.146369406904,16,42,42,43,0.0002454999994370155,False
15,5,0.5,42,full_dp,tight,1354.766231845443,234,688,688,235,0.0024334999980055727,False
15,5,0.5,42,dijkstra,tight,1354.7662318454427,235,688,688,235,0.0032305999993695877,False
15,5,0.5,42,lao,tight,1354.7662318454431,27,97,97,78,0.0011655000016617123,False
15,5,0.5,42,astar,loose,1354.7662318454431,235,688,688,235,0.0028466000003390945,False
15,5,0.5,42,astar,tight,1354.766231845443,17,52,52,52,0.00028810000003431924,False
15,5,0.5,43,full_dp,tight,1450.5710918382767,236,688,688,237,0.0023232000021380372,False
15,5,0.5,43,dijkstra,tight,1450.5710918382772,237,688,688,237,0.0032066999992821366,False
15,5,0.5,43,lao,tight,1450.571091838277,15,52,52,53,0.0006073000004107598,False
15,5,0.5,43,astar,loose,1450.5710918382774,237,688,688,237,0.0029776999981550034,False
15,5,0.5,43,astar,tight,1450.5710918382772,58,157,157,109,0.0007642000018677209,False
15,5,0.5,44,full_dp,tight,1551.3524863305647,282,866,866,283,0.0030470999990939163,False
15,5,0.5,44,dijkstra,tight,1551.3524863305643,283,866,866,283,0.004010800003015902,False
15,5,0.5,44,lao,tight,1551.3524863305647,24,90,90,76,0.0010584000010567252,False
15,5,0.5,44,astar,loose,1551.3524863305647,283,866,866,283,0.003599199997552205,False
15,5,0.5,44,astar,tight,1551.3524863305645,17,54,54,54,0.0003003999991051387,False
15,5,1.0,42,full_dp,tight,1220.5703913336374,234,688,688,235,0.0023599999985890463,False
15,5,1.0,42,dijkstra,tight,1220.5703913336374,235,688,688,235,0.003238400000554975,False
15,5,1.0,42,lao,tight,1220.5703913336376,15,51,51,52,0.0006333999990602024,False
15,5,1.0,42,astar,loose,1220.5703913336379,235,688,688,235,0.002878499999496853,False
15,5,1.0,42,astar,tight,1220.5703913336379,17,49,49,49,0.00028759999986505136,False
15,5,1.0,43,full_dp,tight,1319.8034279640665,236,688,688,237,0.0023467999999411404,False
15,5,1.0,43,dijkstra,tight,1319.8034279640667,237,688,688,237,0.0038010999996913597,False
15,5,1.0,43,lao,tight,1319.803427964067,15,54,54,55,0.0010148000001208857,False
15,5,1.0,43,astar,loose,1319.803427964067,237,688,688,237,0.004607699996995507,False
15,5,1.0,43,astar,tight,1319.8034279640672,228,675,675,236,0.003432100002100924,False
15,5,1.0,44,full_dp,tight,1409.8111363996106,282,866,866,283,0.0030880000012984965,False
15,5,1.0,44,dijkstra,tight,1409.8111363996106,283,866,866,283,0.004808400000911206,False
15,5,1.0,44,lao,tight,1409.811136399611,18,58,58,58,0.0007608999985677656,False
15,5,1.0,44,astar,loose,1409.8111363996113,283,866,866,283,0.0036145000012766104,False
15,5,1.0,44,astar,tight,1409.811136399611,34,102,102,76,0.0005141000001458451,False
15,5,2.0,42,full_dp,tight,1165.7591898897447,234,688,688,235,0.0024484000023221597,False
15,5,2.0,42,dijkstra,tight,1165.7591898897447,235,688,688,235,0.0032453999992867466,False
15,5,2.0,42,lao,tight,1165.759189889745,18,64,64,63,0.0007662000025447924,False
15,5,2.0,42,astar,loose,1165.759189889745,235,688,688,235,0.0036671999987447634,False
15,5,2.0,42,astar,tight,1165.759189889745,127,395,395,176,0.001794200001313584,False
15,5,2.0,43,full_dp,tight,1255.2317369890006,236,688,688,237,0.002366999997320818,False
15,5,2.0,43,dijkstra,tight,1255.2317369890006,237,688,688,237,0.0032501999994565267,False
15,5,2.0,43,lao,tight,1255.2317369890009,22,84,84,74,0.001003999997919891,False
15,5,2.0,43,astar,loose,1255.2317369890009,237,688,688,237,0.002856499999325024,False
15,5,2.0,43,astar,tight,1255.2317369890009,17,52,52,52,0.00030340000012074597,False
15,5,2.0,44,full_dp,tight,1334.3509814891916,282,866,866,283,0.003132400001049973,False
15,5,2.0,44,dijkstra,tight,1334.3509814891913,283,866,866,283,0.004023199999210192,False
15,5,2.0,44,lao,tight,1334.3509814891918,25,83,83,75,0.0011343000005581416,False
15,5,2.0,44,astar,loose,1334.3509814891918,283,866,866,283,0.0036029999973834492,False
15,5,2.0,44,astar,tight,1334.3509814891918,16,51,51,52,0.0002824000002874527,False
20,2,0.0,42,full_dp,tight,2656.380582750264,43,66,66,44,0.00035289999868837185,False
20,2,0.0,42,dijkstra,tight,2656.380582750264,44,66,66,44,0.00040219999937107787,False
20,2,0.0,42,lao,tight,2656.380582750264,24,41,41,38,0.0009760000029928051,False
20,2,0.0,42,astar,loose,2656.380582750264,44,66,66,44,0.0004285000031813979,False
20,2,0.0,42,astar,tight,2656.380582750264,26,40,40,36,0.0002959000012197066,False
20,2,0.0,43,full_dp,tight,2546.1805955052387,44,68,68,45,0.00035819999902741984,False
20,2,0.0,43,dijkstra,tight,2546.1805955052387,45,68,68,45,0.0003969999997934792,False
20,2,0.0,43,lao,tight,2546.1805955052387,30,49,49,40,0.001080299996829126,False
20,2,0.0,43,astar,loose,2546.180595505239,45,68,68,45,0.00043060000098193996,False
20,2,0.0,43,astar,tight,2546.180595505239,34,52,52,40,0.00032909999936237,False
20,2,0.0,44,full_dp,tight,2649.737479194797,47,74,74,48,0.00039180000021588057,False
20,2,0.0,44,dijkstra,tight,2649.737479194797,48,74,74,48,0.00042949999988195486,False
20,2,0.0,44,lao,tight,2649.737479194797,27,44,44,38,0.0009707999997772276,False
20,2,0.0,44,astar,loose,2649.737479194797,48,74,74,48,0.0004633999997167848,False
20,2,0.0,44,astar,tight,2649.737479194797,25,40,40,38,0.0002736999995249789,False
20,2,0.5,42,full_dp,tight,1942.382360476185,43,66,66,44,0.0003532999980961904,False
20,2,0.5,42,dijkstra,tight,1942.3823604761849,44,66,66,44,0.00038719999793102033,False
20,2,0.5,42,lao,tight,1942.3823604761853,30,47,47,38,0.001076900000043679,False
20,2,0.5,42,astar,loose,1942.382360476185,44,66,66,44,0.0007358000002568588,False
20,2,0.5,42,astar,tight,1942.382360476185,27,42,42,37,0.0002879999992728699,False
20,2,0.5,43,full_dp,tight,1955.5825156191077,44,68,68,45,0.00039370000013150275,False
20,2,0.5,43,dijkstra,tight,1955.5825156191079,45,68,68,45,0.00039679999827058055,False
20,2,0.5,43,lao,tight,1955.5825156191077,23,41,41,39,0.0008420000012847595,False
20,2,0.5,43,astar,loose,1955.5825156191083,45,68,68,45,0.0004397999982757028,False
20,2,0.5,43,astar,tight,1955.582515619108,22,34,34,34,0.0002334000018890947,False
20,2,0.5,44,full_dp,tight,1949.644595361767,47,74,74,48,0.0003876000009768177,False
20,2,0.5,44,dijkstra,tight,1949.6445953617665,48,74,74,48,0.0004453000001376495,False
20,2,0.5,44,lao,tight,1949.644595361767,28,46,46,39,0.001013299999613082,False
20,2,0.5,44,astar,loose,1949.6445953617665,48,74,74,48,0.00046329999895533547,False
20,2,0.5,44,astar,tight,1949.6445953617667,21,35,35,36,0.0002413000001979526,False
20,2,1.0,42,full_dp,tight,1626.055124574925,43,66,66,44,0.00037800000063725747,False
20,2,1.0,42,dijkstra,tight,1626.0551245749248,44,66,66,44,0.00038860000131535344,False
20,2,1.0,42,lao,tight,1626.055124574925,24,40,40,37,0.0009648999985074624,False
20,2,1.0,42,astar,loose,1626.055124574925,44,66,66,44,0.0005103999974380713,False
20,2,1.0,42,astar,tight,1626.055124574925,23,34,34,33,0.0002468999991833698,False
20,2,1.0,43,full_dp,tight,1672.4984905080678,44,68,68,45,0.0003791999988607131,False
20,2,1.0,43,dijkstra,tight,1672.4984905080682,45,68,68,45,0.00040209999860962853,False
20,2,1.0,43,lao,tight,1672.4984905080682,28,48,48,43,0.0010457999997015577,False
20,2,1.0,43,astar,loose,1672.4984905080682,45,68,68,45,0.0004386000000522472,False
20,2,1.0,43,astar,tight,1672.4984905080682,34,51,51,41,0.0003480000013951212,False
20,2,1.0,44,full_dp,tight,1636.4280562770332,47,74,74,48,0.00038080000012996607,False
20,2,1.0,44,dijkstra,tight,1636.4280562770332,48,74,74,48,0.0004502000010688789,False
20,2,1.0,44,lao,tight,1636.4280562770334,24,39,39,36,0.0008487999984936323,False
20,2,1.0,44,astar,loose,1636.4280562770332,48,74,74,48,0.00046460000157821923,False
20,2,1.0,44,astar,tight,1636.4280562770334,23,36,36,36,0.0002598999999463558,False
20,2,2.0,42,full_dp,tight,1402.6122335016685,43,66,66,44,0.0003507000001263805,False
20,2,2.0,42,dijkstra,tight,1402.6122335016685,44,66,66,44,0.00039259999903151765,False
20,2,2.0,42,lao,tight,1402.6122335016685,23,38,38,36,0.0008105999986582901,False
20,2,2.0,42,astar,loose,1402.6122335016687,44,66,66,44,0.0004303999994590413,False
20,2,2.0,42,astar,tight,1402.6122335016687,24,37,37,35,0.0002583999994385522,False
20,2,2.0,43,full_dp,tight,1451.2301686453527,44,68,68,45,0.00035940000088885427,False
20,2,2.0,43,dijkstra,tight,1451.2301686453525,45,68,68,45,0.00040609999996377155,False
20,2,2.0,43,lao,tight,1451.2301686453527,24,39,39,36,0.0008586000003560912,False
20,2,2.0,43,astar,loose,1451.2301686453525,45,68,68,45,0.00043029999869759195,False
20,2,2.0,43,astar,tight,1451.2301686453527,30,45,45,37,0.0003155999984301161,False
20,2,2.0,44,full_dp,tight,1412.1496953261908,47,74,74,48,0.00039509999987785704,False
20,2,2.0,44,dijkstra,tight,1412.149695326191,48,74,74,48,0.00042469999971217476,False
20,2,2.0,44,lao,tight,1412.1496953261908,22,37,37,36,0.0007802999971318059,False
20,2,2.0,44,astar,loose,1412.1496953261912,48,74,74,48,0.0007293999988178257,False
20,2,2.0,44,astar,tight,1412.149695326191,34,54,54,43,0.00048070000048028305,False
20,3,0.0,42,full_dp,tight,2656.3805827502633,91,183,183,92,0.0011256999969191384,False
20,3,0.0,42,dijkstra,tight,2656.380582750263,92,183,183,92,0.0010474999980942812,False
20,3,0.0,42,lao,tight,2656.380582750264,28,66,66,57,0.0011635000009846408,False
20,3,0.0,42,astar,loose,2656.3805827502642,92,183,183,92,0.0010474999980942812,False
20,3,0.0,42,astar,tight,2656.3805827502633,24,45,45,43,0.00032080000164569356,False
20,3,0.0,43,full_dp,tight,2546.1805955052387,95,195,195,96,0.0009237999984179623,False
20,3,0.0,43,dijkstra,tight,2546.1805955052387,96,195,195,96,0.0011240999992878642,False
20,3,0.0,43,lao,tight,2546.1805955052387,23,54,54,53,0.0009567999986757059,False
20,3,0.0,43,astar,loose,2546.180595505239,96,195,195,96,0.0011163000017404556,False
20,3,0.0,43,astar,tight,2546.180595505239,73,148,148,82,0.0008328000003530178,False
20,3,0.0,44,full_dp,tight,2649.7374791947964,97,202,202,98,0.000949699999182485,False
20,3,0.0,44,dijkstra,tight,2649.7374791947964,98,202,202,98,0.001213100000313716,False
20,3,0.0,44,lao,tight,2649.737479194797,26,65,65,60,0.0011287000015727244,False
20,3,0.0,44,astar,loose,2649.737479194797,98,202,202,98,0.001138899999205023,False
20,3,0.0,44,astar,tight,2649.737479194797,21,41,41,42,0.00029269999868120067,False
20,3,0.5,42,full_dp,tight,1828.3368430549333,91,183,183,92,0.0008874999984982423,False
20,3,0.5,42,dijkstra,tight,1828.336843054933,92,183,183,92,0.0010583999974187464,False
20,3,0.5,42,lao,tight,1828.3368430549335,28,63,63,55,0.001160100000561215,False
20,3,0.5,42,astar,loose,1828.3368430549333,92,183,183,92,0.0010438999997859355,False
20,3,0.5,42,astar,tight,1828.3368430549333,21,42,42,43,0.00029290000020409934,False
20,3,0.5,43,full_dp,tight,1835.980028900119,95,195,195,96,0.0009287000029871706,False
20,3,0.5,43,dijkstra,tight,1835.9800289001191,96,195,195,96,0.001095500003430061,False
20,3,0.5,43,lao,tight,1835.9800289001194,22,53,53,52,0.00090730000010808,False
20,3,0.5,43,astar,loose,1835.9800289001196,96,195,195,96,0.0011288999994576443,False
20,3,0.5,43,astar,tight,1835.9800289001194,32,65,65,54,0.0004126999992877245,False
20,3,0.5,44,full_dp,tight,1905.5159192833955,97,202,202,98,0.0011570999995456077,False
20,3,0.5,44,dijkstra,tight,1905.5159192833953,98,202,202,98,0.0012819999974453822,False
20,3,0.5,44,lao,tight,1905.5159192833955,41,89,89,65,0.0018323000003874768,False
20,3,0.5,44,astar,loose,1905.5159192833958,98,202,202,98,0.0011181000008946285,False
20,3,0.5,44,astar,tight,1905.5159192833958,23,46,46,45,0.00031670000316808,False
20,3,1.0,42,full_dp,tight,1553.5335217751356,91,183,183,92,0.0008927000017138198,False
20,3,1.0,42,dijkstra,tight,1553.5335217751353,92,183,183,92,0.0010448000030010007,False
20,3,1.0,42,lao,tight,1553.5335217751358,36,80,80,63,0.0015875999997660983,False
20,3,1.0,42,astar,loose,1553.5335217751358,92,183,183,92,0.0010570000013103709,False
20,3,1.0,42,astar,tight,1553.5335217751358,21,39,39,40,0.0002826000018103514,False
20,3,1.0,43,full_dp,tight,1597.4467599010325,95,195,195,96,0.0009277000026486348,False
20,3,1.0,43,dijkstra,tight,1597.446759901033,96,195,195,96,0.0012098000006517395,False
20,3,1.0,43,lao,tight,1597.446759901033,21,46,46,46,0.0009006000000226777,False
20,3,1.0,43,astar,loose,1597.4467599010331,96,195,195,96,0.0011019999983545858,False
20,3,1.0,43,astar,tight,1597.446759901033,40,79,79,58,0.0004828000019188039,False
20,3,1.0,44,full_dp,tight,1620.5080498090765,97,202,202,98,0.001363100000162376,False
20,3,1.0,44,dijkstra,tight,1620.5080498090763,98,202,202,98,0.0018244999992020894,False
20,3,1.0,44,lao,tight,1620.5080498090765,29,71,71,60,0.002068999998300569,False
20,3,1.0,44,astar,loose,1620.5080498090765,98,202,202,98,0.0018287999992026016,False
20,3,1.0,44,astar,tight,1620.5080498090765,21,39,39,40,0.0004398000019136816,False
20,3,2.0,42,full_dp,tight,1403.4770891056949,91,183,183,92,0.001486600001953775,False
20,3,2.0,42,dijkstra,tight,1403.4770891056946,92,183,183,92,0.0017535000006319024,False
20,3,2.0,42,lao,tight,1403.4770891056949,31,69,69,58,0.002170499999920139,False
20,3,2.0,42,astar,loose,1403.4770891056949,92,183,183,92,0.0017466999997850507,False
20,3,2.0,42,astar,tight,1403.4770891056949,21,44,44,45,0.0005067999991297256,False
20,3,2.0,43,full_dp,tight,1464.5921278051765,95,195,195,96,0.0010755000002973247,False
20,3,2.0,43,dijkstra,tight,1464.5921278051762,96,195,195,96,0.001127199997426942,False
20,3,2.0,43,lao,tight,1464.5921278051765,27,66,66,59,0.0011671000029309653,False
20,3,2.0,43,astar,loose,1464.5921278051765,96,195,195,96,0.0011081000011472497,False
20,3,2.0,43,astar,tight,1464.5921278051765,50,105,105,69,0.0006436000003304798,False
20,3,2.0,44,full_dp,tight,1431.0797341066327,97,202,202,98,0.0009312999973190017,False
20,3,2.0,44,dijkstra,tight,1431.0797341066327,98,202,202,98,0.001123499998357147,False
20,3,2.0,44,lao,tight,1431.079734106633,23,57,57,54,0.0014205000006768387,False
20,3,2.0,44,astar,loose,1431.079734106633,98,202,202,98,0.0018147999981010798,False
20,3,2.0,44,astar,tight,1431.079734106633,29,61,61,53,0.0006429999993997626,False
20,5,0.0,42,full_dp,tight,2656.380582750263,319,925,925,320,0.006015899998601526,False
20,5,0.0,42,dijkstra,tight,2656.3805827502633,320,925,925,320,0.008151599999109749,False
20,5,0.0,42,lao,tight,2656.3805827502633,61,201,201,141,0.004692000002251007,False
20,5,0.0,42,astar,loose,2656.380582750264,320,925,925,320,0.004872199999226723,False
20,5,0.0,42,astar,tight,2656.380582750264,21,56,56,57,0.000436399997852277,False
20,5,0.0,43,full_dp,tight,2546.1805955052378,442,1386,1386,443,0.006465700000262586,False
20,5,0.0,43,dijkstra,tight,2546.180595505238,443,1386,1386,443,0.007449400000041351,False
20,5,0.0,43,lao,tight,2546.180595505238,27,91,91,85,0.0013588000001618639,False
20,5,0.0,43,astar,loose,2546.1805955052387,443,1386,1386,443,0.006477700000687037,False
20,5,0.0,43,astar,tight,2546.1805955052387,21,59,59,60,0.00042209999810438603,False
20,5,0.0,44,full_dp,tight,2649.7374791947964,367,1100,1100,368,0.004709799999545794,False
20,5,0.0,44,dijkstra,tight,2649.737479194796,368,1100,1100,368,0.005955500000709435,False
20,5,0.0,44,lao,tight,2649.7374791947964,25,82,82,79,0.0012432000003173016,False
20,5,0.0,44,astar,loose,2649.7374791947964,368,1100,1100,368,0.005364399999962188,False
20,5,0.0,44,astar,tight,2649.737479194797,21,50,50,51,0.000341799997841008,False
20,5,0.5,42,full_dp,tight,1786.4898375206928,319,925,925,320,0.003972400001657661,False
20,5,0.5,42,dijkstra,tight,1786.4898375206926,320,925,925,320,0.005124700001033489,False
20,5,0.5,42,lao,tight,1786.489837520693,65,219,219,144,0.0041711999983817805,False
20,5,0.5,42,astar,loose,1786.4898375206928,320,925,925,320,0.004655600001569837,False
20,5,0.5,42,astar,tight,1786.4898375206926,22,68,68,68,0.00044630000047618523,False
20,5,0.5,43,full_dp,tight,1869.3817801184407,442,1386,1386,443,0.005898399998841342,False
20,5,0.5,43,dijkstra,tight,1869.3817801184412,443,1386,1386,443,0.007370300001639407,False
20,5,0.5,43,lao,tight,1869.381780118441,20,69,69,70,0.0009976000001188368,False
20,5,0.5,43,astar,loose,1869.3817801184416,443,1386,1386,443,0.007903499998064945,False
20,5,0.5,43,astar,tight,1869.3817801184414,57,161,161,102,0.0008826999983284622,False
20,5,0.5,44,full_dp,tight,1881.2625903113144,367,1100,1100,368,0.004762299999129027,False
20,5,0.5,44,dijkstra,tight,1881.262590311314,368,1100,1100,368,0.006092799998441478,False
20,5,0.5,44,lao,tight,1881.2625903113144,56,193,193,121,0.0034837000021070708,False
20,5,0.5,44,astar,loose,1881.2625903113146,368,1100,1100,368,0.005366000001231441,False
20,5,0.5,44,astar,tight,1881.2625903113142,40,129,129,99,0.0007786000023770612,False
20,5,1.0,42,full_dp,tight,1554.9511518364527,319,925,925,320,0.004080200000316836,False
20,5,1.0,42,dijkstra,tight,1554.9511518364525,320,925,925,320,0.005003100002795691,False
20,5,1.0,42,lao,tight,1554.951151836453,33,112,112,94,0.0017256999999517575,False
20,5,1.0,42,astar,loose,1554.9511518364534,320,925,925,320,0.0045780000000377186,False
20,5,1.0,42,astar,tight,1554.951151836453,24,72,72,70,0.0004884000009042211,False
20,5,1.0,43,full_dp,tight,1662.2019744292154,442,1386,1386,443,0.005942699997831369,False
20,5,1.0,43,dijkstra,tight,1662.2019744292159,443,1386,1386,443,0.007319700001971796,False
20,5,1.0,43,lao,tight,1662.2019744292156,24,76,76,73,0.0011844000000564847,False
20,5,1.0,43,astar,loose,1662.2019744292159,443,1386,1386,443,0.006573900001967559,False
20,5,1.0,43,astar,tight,1662.2019744292159,28,84,84,80,0.0005539999983739108,False
20,5,1.0,44,full_dp,tight,1702.5025644850346,367,1100,1100,368,0.0047134000014921185,False
20,5,1.0,44,dijkstra,tight,1702.502564485035,368,1100,1100,368,0.005931699997745454,False
20,5,1.0,44,lao,tight,1702.5025644850348,27,94,94,88,0.0015206999996735249,False
20,5,1.0,44,astar,loose,1702.5025644850352,368,1100,1100,368,0.005385200001910562,False
20,5,1.0,44,astar,tight,1702.5025644850352,260,800,800,321,0.003982999998697778,False
20,5,2.0,42,full_dp,tight,1463.7660208814261,319,925,925,320,0.004088199999387143,False
20,5,2.0,42,dijkstra,tight,1463.7660208814264,320,925,925,320,0.006114399999205489,False
20,5,2.0,42,lao,tight,1463.7660208814266,35,111,111,93,0.0028142000010120682,False
20,5,2.0,42,astar,loose,1463.7660208814268,320,925,925,320,0.006623100001888815,False
20,5,2.0,42,astar,tight,1463.7660208814264,22,68,68,68,0.0006107000008341856,False
20,5,2.0,43,full_dp,tight,1561.0110340215276,442,1386,1386,443,0.007147600001189858,False
20,5,2.0,43,dijkstra,tight,1561.0110340215276,443,1386,1386,443,0.008338999999978114,False
20,5,2.0,43,lao,tight,1561.0110340215278,25,93,93,88,0.0013226000010035932,False
20,5,2.0,43,astar,loose,1561.0110340215283,443,1386,1386,443,0.006598300002224278,False
20,5,2.0,43,astar,tight,1561.0110340215278,21,67,67,68,0.0004478999981074594,False
20,5,2.0,44,full_dp,tight,1630.4145645619428,367,1100,1100,368,0.00517039999976987,False
20,5,2.0,44,dijkstra,tight,1630.414564561943,368,1100,1100,368,0.006054099998436868,False
20,5,2.0,44,lao,tight,1630.4145645619433,20,67,67,68,0.0010068000010505784,False
20,5,2.0,44,astar,loose,1630.4145645619433,368,1100,1100,368,0.005386799999541836,False
20,5,2.0,44,astar,tight,1630.4145645619433,21,65,65,66,0.00042779999785125256,False
25,2,0.0,42,full_dp,tight,3311.4917918650735,63,101,101,64,0.0006020999971951824,False
25,2,0.0,42,dijkstra,tight,3311.4917918650735,64,101,101,64,0.0006669999966106843,False
25,2,0.0,42,lao,tight,3311.4917918650735,32,58,58,52,0.0014167999979690649,False
25,2,0.0,42,astar,loose,3311.4917918650744,64,101,101,64,0.0007226000016089529,False
25,2,0.0,42,astar,tight,3311.4917918650744,27,44,44,44,0.0003419999993639067,False
25,2,0.0,43,full_dp,tight,3122.09689183361,60,95,95,61,0.0005549999987124465,False
25,2,0.0,43,dijkstra,tight,3122.09689183361,61,95,95,61,0.0006161999990581535,False
25,2,0.0,43,lao,tight,3122.09689183361,38,65,65,54,0.0016818999974930193,False
25,2,0.0,43,astar,loose,3122.0968918336102,61,95,95,61,0.0008300000008603092,False
25,2,0.0,43,astar,tight,3122.0968918336102,26,38,38,39,0.0003088000012212433,False
25,2,0.0,44,full_dp,tight,3376.9507799481107,66,107,107,67,0.0006204999990586657,False
25,2,0.0,44,dijkstra,tight,3376.9507799481116,67,107,107,67,0.0007689999983995222,False
25,2,0.0,44,lao,tight,3376.950779948111,35,60,60,51,0.0015397000024677254,False
25,2,0.0,44,astar,loose,3376.9507799481116,67,107,107,67,0.0007483000008505769,False
25,2,0.0,44,astar,tight,3376.9507799481116,26,44,44,45,0.00034159999995608814,False
25,2,0.5,42,full_dp,tight,2440.8562570977233,63,101,101,64,0.0007595999995828606,False
25,2,0.5,42,dijkstra,tight,2440.856257097723,64,101,101,64,0.00065320000067004,False
25,2,0.5,42,lao,tight,2440.8562570977233,40,69,69,55,0.0018029999991995282,False
25,2,0.5,42,astar,loose,2440.856257097723,64,101,101,64,0.0007036000024527311,False
25,2,0.5,42,astar,tight,2440.856257097723,26,41,41,42,0.00032309999733115546,False
25,2,0.5,43,full_dp,tight,2368.1740729698313,60,95,95,61,0.0005500000006577466,False
25,2,0.5,43,dijkstra,tight,2368.1740729698317,61,95,95,61,0.0006098999983805697,False
25,2,0.5,43,lao,tight,2368.1740729698313,32,54,54,48,0.0013518000014300924,False
25,2,0.5,43,astar,loose,2368.174072969832,61,95,95,61,0.0006639999992330559,False
25,2,0.5,43,astar,tight,2368.174072969832,32,49,49,44,0.0003770000002987217,False
25,2,0.5,44,full_dp,tight,2463.9967670637257,66,107,107,67,0.0006237000015971716,False
25,2,0.5,44,dijkstra,tight,2463.9967670637257,67,107,107,67,0.0006917999999132007,False
25,2,0.5,44,lao,tight,2463.9967670637257,35,62,62,53,0.0015477999986615032,False
25,2,0.5,44,astar,loose,2463.996767063726,67,107,107,67,0.0007331000015255995,False
25,2,0.5,44,astar,tight,2463.996767063726,26,40,40,41,0.0004045999994559679,False
25,2,1.0,42,full_dp,tight,2040.2140732444834,63,101,101,64,0.0005806000008306,False
25,2,1.0,42,dijkstra,tight,2040.214073244483,64,101,101,64,0.0006388000001606997,False
25,2,1.0,42,lao,tight,2040.2140732444834,44,76,76,58,0.0020523999992292374,False
25,2,1.0,42,astar,loose,2040.214073244483,64,101,101,64,0.0007011999987298623,False
25,2,1.0,42,astar,tight,2040.214073244483,27,45,45,45,0.0003485000015643891,False
25,2,1.0,43,full_dp,tight,2020.6435938775705,60,95,95,61,0.0005420000015874393,False
25,2,1.0,43,dijkstra,tight,2020.643593877571,61,95,95,61,0.000612599997111829,False
25,2,1.0,43,lao,tight,2020.6435938775708,34,57,57,49,0.0014574999986507464,False
25,2,1.0,43,astar,loose,2020.643593877571,61,95,95,61,0.0006564999966940377,False
25,2,1.0,43,astar,tight,2020.643593877571,48,74,74,53,0.0005357000009098556,False
25,2,1.0,44,full_dp,tight,2049.9708053152335,66,107,107,67,0.0006059000006644055,False
25,2,1.0,44,dijkstra,tight,2049.9708053152335,67,107,107,67,0.0006794999972044025,False
25,2,1.0,44,lao,tight,2049.9708053152335,35,64,64,55,0.0016304000018863007,False
25,2,1.0,44,astar,loose,2049.970805315234,67,107,107,67,0.0010531000007176772,False
25,2,1.0,44,astar,tight,2049.9708053152335,29,45,45,43,0.0003490999988571275,False
25,2,2.0,42,full_dp,tight,1742.3787513487398,63,101,101,64,0.0005703000024368521,False
25,2,2.0,42,dijkstra,tight,1742.3787513487398,64,101,101,64,0.0006530999999085907,False
25,2,2.0,42,lao,tight,1742.3787513487398,30,51,51,47,0.001516000000265194,False
25,2,2.0,42,astar,loose,1742.37875134874,64,101,101,64,0.0010088999988511205,False
25,2,2.0,42,astar,tight,1742.37875134874,28,43,43,43,0.0003451000011409633,False
25,2,2.0,43,full_dp,tight,1761.720430059926,60,95,95,61,0.0005511999988812022,False
25,2,2.0,43,dijkstra,tight,1761.7204300599258,61,95,95,61,0.0005959000009170268,False
25,2,2.0,43,lao,tight,1761.720430059926,28,50,50,48,0.0012266999983694404,False
25,2,2.0,43,astar,loose,1761.7204300599262,61,95,95,61,0.0006470000007539056,False
25,2,2.0,43,astar,tight,1761.7204300599258,40,60,60,47,0.0004220000009809155,False
25,2,2.0,44,full_dp,tight,1748.0163806797154,66,107,107,67,0.0006183000004966743,False
25,2,2.0,44,dijkstra,tight,1748.0163806797152,67,107,107,67,0.0006855000028735958,False
25,2,2.0,44,lao,tight,1748.0163806797157,38,68,68,57,0.0016801000019768253,False
25,2,2.0,44,astar,loose,1748.0163806797154,67,107,107,67,0.0007933000015327707,False
25,2,2.0,44,astar,tight,1748.0163806797152,26,41,41,42,0.0003370000013092067,False
25,3,0.0,42,full_dp,tight,3311.4917918650735,123,255,255,124,0.0019743000011658296,False
25,3,0.0,42,dijkstra,tight,3311.4917918650735,124,255,255,124,0.0023349000002781395,False
25,3,0.0,42,lao,tight,3311.4917918650735,40,87,87,71,0.0029313999984879047,False
25,3,0.0,42,astar,loose,3311.4917918650744,124,255,255,124,0.002302500000951113,False
25,3,0.0,42,astar,tight,3311.491791865074,27,55,55,55,0.0006281999994826037,False
25,3,0.0,43,full_dp,tight,3122.09689183361,118,241,241,119,0.0018617999994603451,False
25,3,0.0,43,dijkstra,tight,3122.09689183361,119,241,241,119,0.00222369999755756,False
25,3,0.0,43,lao,tight,3122.09689183361,49,103,103,76,0.003795299999183044,False
25,3,0.0,43,astar,loose,3122.09689183361,119,241,241,119,0.0022291999994195066,False
25,3,0.0,43,astar,tight,3122.0968918336102,26,50,50,51,0.0005994999992253724,False
25,3,0.0,44,full_dp,tight,3376.950779948111,119,244,244,120,0.001961900001333561,False
25,3,0.0,44,dijkstra,tight,3376.950779948111,120,244,244,120,0.002335499997570878,False
25,3,0.0,44,lao,tight,3376.950779948111,29,70,70,68,0.002138200001354562,False
25,3,0.0,44,astar,loose,3376.9507799481116,120,244,244,120,0.002371900001890026,False
25,3,0.0,44,astar,tight,3376.9507799481116,29,56,56,54,0.0006925000016053673,False
25,3,0.5,42,full_dp,tight,2353.479517880889,123,255,255,124,0.0020944999996572733,False
25,3,0.5,42,dijkstra,tight,2353.4795178808886,124,255,255,124,0.002498500001820503,False
25,3,0.5,42,lao,tight,2353.479517880889,50,107,107,76,0.004152099998464109,False
25,3,0.5,42,astar,loose,2353.479517880889,124,255,255,124,0.0024713999991945457,False
25,3,0.5,42,astar,tight,2353.479517880889,27,52,52,52,0.0006457000017690007,False
25,3,0.5,43,full_dp,tight,2274.891410371254,118,241,241,119,0.0020241000020178035,False
25,3,0.5,43,dijkstra,tight,2274.891410371255,119,241,241,119,0.0024142000002029818,False
25,3,0.5,43,lao,tight,2274.8914103712546,26,63,63,63,0.002038200000242796,False
25,3,0.5,43,astar,loose,2274.891410371255,119,241,241,119,0.0024300000004586764,False
25,3,0.5,43,astar,tight,2274.8914103712555,93,190,190,105,0.0014096000013523735,False
25,3,0.5,44,full_dp,tight,2344.351626320088,119,244,244,120,0.0012787000014213845,False
25,3,0.5,44,dijkstra,tight,2344.3516263200877,120,244,244,120,0.0015482000017073005,False
25,3,0.5,44,lao,tight,2344.351626320088,61,138,138,92,0.0034539000007498544,False
25,3,0.5,44,astar,loose,2344.3516263200886,120,244,244,120,0.001549900000100024,False
25,3,0.5,44,astar,tight,2344.351626320088,27,53,53,53,0.00041849999979604036,False
25,3,1.0,42,full_dp,tight,1983.3954501401668,123,255,255,124,0.0012771000001521315,False
25,3,1.0,42,dijkstra,tight,1983.3954501401663,124,255,255,124,0.0016496000025654212,False
25,3,1.0,42,lao,tight,1983.3954501401668,32,72,72,66,0.0022147999989101663,False
25,3,1.0,42,astar,loose,1983.3954501401668,124,255,255,124,0.0016120000000228174,False
25,3,1.0,42,astar,tight,1983.3954501401668,35,70,70,62,0.0005190000010770746,False
25,3,1.0,43,full_dp,tight,1961.3520166098585,118,241,241,119,0.0012300000016693957,False
25,3,1.0,43,dijkstra,tight,1961.3520166098585,119,241,241,119,0.001480200000514742,False
25,3,1.0,43,lao,tight,1961.3520166098588,42,96,96,81,0.002232999999250751,False
25,3,1.0,43,astar,loose,1961.3520166098588,119,241,241,119,0.0014819999996689148,False
25,3,1.0,43,astar,tight,1961.3520166098585,26,53,53,54,0.00041599999894970097,False
25,3,1.0,44,full_dp,tight,1959.2096597068216,119,244,244,120,0.0012843000004068017,False
25,3,1.0,44,dijkstra,tight,1959.2096597068214,120,244,244,120,0.001684800001385156,False
25,3,1.0,44,lao,tight,1959.2096597068219,35,84,84,73,0.0017614999997022096,False
25,3,1.0,44,astar,loose,1959.2096597068216,120,244,244,120,0.0015300000013667159,False
25,3,1.0,44,astar,tight,1959.2096597068214,27,54,54,54,0.00041930000224965625,False
25,3,2.0,42,full_dp,tight,1746.1032667053096,123,255,255,124,0.0012693999997281935,False
25,3,2.0,42,dijkstra,tight,1746.1032667053094,124,255,255,124,0.0015525000017078128,False
25,3,2.0,42,lao,tight,1746.1032667053096,50,105,105,76,0.002551999998104293,False
25,3,2.0,42,astar,loose,1746.1032667053098,124,255,255,124,0.0015319999984058086,False
25,3,2.0,42,astar,tight,1746.1032667053096,26,50,50,51,0.0003998000029241666,False
25,3,2.0,43,full_dp,tight,1778.165580683927,118,241,241,119,0.0017466999997850507,False
25,3,2.0,43,dijkstra,tight,1778.165580683927,119,241,241,119,0.0024043000012170523,False
25,3,2.0,43,lao,tight,1778.165580683927,44,98,98,76,0.002254000002722023,False
25,3,2.0,43,astar,loose,1778.1655806839271,119,241,241,119,0.0014739999969606288,False
25,3,2.0,43,astar,tight,1778.165580683927,28,58,58,57,0.0004407999986142386,False
25,3,2.0,44,full_dp,tight,1728.6688366958067,119,244,244,120,0.0012752000002365094,False
25,3,2.0,44,dijkstra,tight,1728.6688366958065,120,244,244,120,0.0015549999989161734,False
25,3,2.0,44,lao,tight,1728.668836695807,59,137,137,92,0.0033462999999755993,False
25,3,2.0,44,astar,loose,1728.6688366958065,120,244,244,120,0.001692500001809094,False
25,3,2.0,44,astar,tight,1728.6688366958065,26,54,54,55,0.0004245999989507254,False
25,5,0.0,42,full_dp,tight,3311.491791865073,413,1206,1206,414,0.006032900000718655,False
25,5,0.0,42,dijkstra,tight,3311.4917918650735,414,1206,1206,414,0.007689999998547137,False
25,5,0.0,42,lao,tight,3311.4917918650735,31,98,98,93,0.0017821000001276843,False
25,5,0.0,42,astar,loose,3311.491791865074,414,1206,1206,414,0.00675279999995837,False
25,5,0.0,42,astar,tight,3311.491791865074,30,86,86,83,0.0006509000013465993,False
25,5,0.0,43,full_dp,tight,3122.0968918336093,436,1277,1277,437,0.006237899997358909,False
25,5,0.0,43,dijkstra,tight,3122.0968918336093,437,1277,1277,437,0.007830699996702606,False
25,5,0.0,43,lao,tight,3122.09689183361,90,288,288,167,0.007373100001132116,False
25,5,0.0,43,astar,loose,3122.0968918336102,437,1277,1277,437,0.007155700001021614,False
25,5,0.0,43,astar,tight,3122.0968918336102,27,77,77,77,0.0005875999995623715,False
25,5,0.0,44,full_dp,tight,3376.9507799481107,431,1263,1263,432,0.0062046999992162455,False
25,5,0.0,44,dijkstra,tight,3376.9507799481107,432,1263,1263,432,0.0077092999999877065,False
25,5,0.0,44,lao,tight,3376.950779948111,27,85,85,84,0.0015074000002641696,False
25,5,0.0,44,astar,loose,3376.9507799481125,432,1263,1263,432,0.00742530000206898,False
25,5,0.0,44,astar,tight,3376.9507799481116,34,93,93,89,0.000703499998053303,False
25,5,0.5,42,full_dp,tight,2158.5738590019487,413,1206,1206,414,0.006060699997760821,False
25,5,0.5,42,dijkstra,tight,2158.573859001948,414,1206,1206,414,0.0074467000013100915,False
25,5,0.5,42,lao,tight,2158.573859001949,136,426,426,203,0.01395090000005439,False
25,5,0.5,42,astar,loose,2158.573859001949,414,1206,1206,414,0.006903400000737747,False
25,5,0.5,42,astar,tight,2158.573859001949,26,77,77,78,0.0005904999998165295,False
25,5,0.5,43,full_dp,tight,2218.6998021310887,436,1277,1277,437,0.006388199999491917,False
25,5,0.5,43,dijkstra,tight,2218.699802131089,437,1277,1277,437,0.007979899997735629,False
25,5,0.5,43,lao,tight,2218.699802131089,28,95,95,93,0.0017815999999584164,False
25,5,0.5,43,astar,loose,2218.69980213109,437,1277,1277,437,0.009932700002536876,False
25,5,0.5,43,astar,tight,2218.699802131089,26,73,73,74,0.0007718999986536801,False
25,5,0.5,44,full_dp,tight,2315.109704211437,431,1263,1263,432,0.00633179999931599,False
25,5,0.5,44,dijkstra,tight,2315.1097042114366,432,1263,1263,432,0.007762699999148026,False
25,5,0.5,44,lao,tight,2315.1097042114375,102,329,329,184,0.008798999999271473,False
25,5,0.5,44,astar,loose,2315.109704211437,432,1263,1263,432,0.007029800002783304,False
25,5,0.5,44,astar,tight,2315.109704211437,27,71,71,71,0.0005525999986275565,False
25,5,1.0,42,full_dp,tight,1873.5821099332736,413,1206,1206,414,0.005946399996901164,False
25,5,1.0,42,dijkstra,tight,1873.5821099332734,414,1206,1206,414,0.007358900002145674,False
25,5,1.0,42,lao,tight,1873.5821099332738,28,92,92,89,0.0015974999987520278,False
25,5,1.0,42,astar,loose,1873.5821099332738,414,1206,1206,414,0.00836659999913536,False
25,5,1.0,42,astar,tight,1873.5821099332738,30,99,99,96,0.0010865000003832392,False
25,5,1.0,43,full_dp,tight,1978.4988468167248,436,1277,1277,437,0.01010150000001886,False
25,5,1.0,43,dijkstra,tight,1978.4988468167246,437,1277,1277,437,0.012739699999656295,False
25,5,1.0,43,lao,tight,1978.4988468167248,32,112,112,107,0.003088899997237604,False
25,5,1.0,43,astar,loose,1978.4988468167255,437,1277,1277,437,0.012028600001940504,False
25,5,1.0,43,astar,tight,1978.4988468167248,36,101,101,94,0.001251800000318326,False
25,5,1.0,44,full_dp,tight,2042.8382125890228,431,1263,1263,432,0.00800130000061472,False
25,5,1.0,44,dijkstra,tight,2042.8382125890225,432,1263,1263,432,0.01273379999838653,False
25,5,1.0,44,lao,tight,2042.838212589023,128,405,405,196,0.020886400001472794,False
25,5,1.0,44,astar,loose,2042.838212589023,432,1263,1263,432,0.009006600001157494,False
25,5,1.0,44,astar,tight,2042.838212589023,26,71,71,72,0.0005577999982051551,False
25,5,2.0,42,full_dp,tight,1766.8195957455234,413,1206,1206,414,0.008907100000214996,False
25,5,2.0,42,dijkstra,tight,1766.8195957455232,414,1206,1206,414,0.009047799998370465,False
25,5,2.0,42,lao,tight,1766.8195957455234,30,107,107,102,0.0030038999975658953,False
25,5,2.0,42,astar,loose,1766.8195957455234,414,1206,1206,414,0.008428299999650335,False
25,5,2.0,42,astar,tight,1766.8195957455237,28,79,79,77,0.0009971999970730394,False
25,5,2.0,43,full_dp,tight,1868.6149988218767,436,1277,1277,437,0.006947999998374144,False
25,5,2.0,43,dijkstra,tight,1868.614998821877,437,1277,1277,437,0.008260899998276727,False
25,5,2.0,43,lao,tight,1868.614998821877,36,127,127,115,0.0025091999996220693,False
25,5,2.0,43,astar,loose,1868.6149988218776,437,1277,1277,437,0.008414399999310263,False
25,5,2.0,43,astar,tight,1868.6149988218772,26,77,77,78,0.0005856000025232788,False
25,5,2.0,44,full_dp,tight,1932.7072178455337,431,1263,1263,432,0.006360799998219591,False
25,5,2.0,44,dijkstra,tight,1932.707217845533,432,1263,1263,432,0.007965299999341369,False
25,5,2.0,44,lao,tight,1932.7072178455337,64,185,185,134,0.004332699998485623,False
25,5,2.0,44,astar,loose,1932.7072178455335,432,1263,1263,432,0.0073741000014706515,False
25,5,2.0,44,astar,tight,1932.7072178455333,26,71,71,72,0.0005640999988827389,False
30,2,0.0,42,dijkstra,tight,3975.0984535025977,77,122,122,77,0.000888999999006046,False
30,2,0.0,42,astar,loose,3975.0984535025977,77,122,122,77,0.0019073000003118068,False
30,2,0.0,42,astar,tight,3975.0984535025977,39,64,64,57,0.000774300002376549,False
30,2,0.0,43,dijkstra,tight,3658.1606120067104,79,126,126,79,0.0008974999982456211,False
30,2,0.0,43,astar,loose,3658.1606120067104,79,126,126,79,0.0009213999983330723,False
30,2,0.0,43,astar,tight,3658.160612006711,31,50,50,51,0.0004262000002199784,False
30,2,0.0,44,dijkstra,tight,3981.9278398700235,75,118,118,75,0.0008904999995138496,False
30,2,0.0,44,astar,loose,3981.9278398700244,75,118,118,75,0.0010690000017348211,False
30,2,0.0,44,astar,tight,3981.9278398700235,32,51,51,51,0.0004561000023386441,False
30,2,0.5,42,dijkstra,tight,2899.251413163916,77,122,122,77,0.0008925000001909211,False
30,2,0.5,42,astar,loose,2899.251413163917,77,122,122,77,0.0009138000023085624,False
30,2,0.5,42,astar,tight,2899.2514131639164,39,63,63,59,0.0005555999996431638,False
30,2,0.5,43,dijkstra,tight,2783.0618401108213,79,126,126,79,0.0012293999971006997,False
30,2,0.5,43,astar,loose,2783.0618401108213,79,126,126,79,0.0015268999995896593,False
30,2,0.5,43,astar,tight,2783.0618401108213,59,94,94,67,0.0011883000006491784,False
30,2,0.5,44,dijkstra,tight,2890.2900532825233,75,118,118,75,0.0010118999998667277,False
30,2,0.5,44,astar,loose,2890.2900532825233,75,118,118,75,0.0012475000003178138,False
30,2,0.5,44,astar,tight,2890.2900532825233,31,47,47,48,0.0007628000021213666,False
30,2,1.0,42,dijkstra,tight,2413.424300604275,77,122,122,77,0.000896699999429984,False
30,2,1.0,42,astar,loose,2413.4243006042757,77,122,122,77,0.0009062999997695442,False
30,2,1.0,42,astar,tight,2413.4243006042752,32,53,53,53,0.0004576999999699183,False
30,2,1.0,43,dijkstra,tight,2379.91845896031,79,126,126,79,0.0011276999975962099,False
30,2,1.0,43,astar,loose,2379.9184589603105,79,126,126,79,0.0011567000001377892,False
30,2,1.0,43,astar,tight,2379.918458960311,48,75,75,59,0.0006369000002450775,False
30,2,1.0,44,dijkstra,tight,2404.9826788586997,75,118,118,75,0.0012724000007438008,False
30,2,1.0,44,astar,loose,2404.9826788587,75,118,118,75,0.001346900000498863,False
30,2,1.0,44,astar,tight,2404.9826788587,31,49,49,50,0.0006533999985549599,False
30,2,2.0,42,dijkstra,tight,2061.11630601149,77,122,122,77,0.0013287000001582783,False
30,2,2.0,42,astar,loose,2061.1163060114905,77,122,122,77,0.0013930999994045123,False
30,2,2.0,42,astar,tight,2061.1163060114905,31,49,49,50,0.0006500999988929834,False
30,2,2.0,43,dijkstra,tight,2079.7954943814307,79,126,126,79,0.0013299999991431832,False
30,2,2.0,43,astar,loose,2079.795494381431,79,126,126,79,0.0014163000014377758,False
30,2,2.0,43,astar,tight,2079.7954943814307,31,49,49,50,0.0006902999994053971,False
30,2,2.0,44,dijkstra,tight,2060.5152517310994,75,118,118,75,0.001277999999729218,False
30,2,2.0,44,astar,loose,2060.5152517311,75,118,118,75,0.0013718000009248499,False
30,2,2.0,44,astar,tight,2060.5152517310994,31,48,48,49,0.0006477000024460722,False
30,3,0.0,42,dijkstra,tight,3975.0984535025973,143,293,293,143,0.003150200001982739,False
30,3,0.0,42,astar,loose,3975.098453502598,143,293,293,143,0.0030576999997720122,False
30,3,0.0,42,astar,tight,3975.098453502598,37,75,75,69,0.0009576000011293218,False
30,3,0.0,43,dijkstra,tight,3658.1606120067104,154,321,321,154,0.003370099999301601,False
30,3,0.0,43,astar,loose,3658.160612006711,154,321,321,154,0.0032840999992913567,False
30,3,0.0,43,astar,tight,3658.1606120067104,43,93,93,82,0.0010994999975082465,False
30,3,0.0,44,dijkstra,tight,3981.927839870023,189,410,410,189,0.004317300001275726,False
30,3,0.0,44,astar,loose,3981.9278398700244,189,410,410,189,0.0041339000017615035,False
30,3,0.0,44,astar,tight,3981.9278398700235,67,133,133,101,0.0015046999978949316,False
30,3,0.5,42,dijkstra,tight,2678.772153608884,143,293,293,143,0.003144000002066605,False
30,3,0.5,42,astar,loose,2678.772153608884,143,293,293,143,0.0030716000001120847,False
30,3,0.5,42,astar,tight,2678.772153608884,32,65,65,65,0.0008478999989165459,False
30,3,0.5,43,dijkstra,tight,2673.8630976656978,154,321,321,154,0.0034691000000748318,False
30,3,0.5,43,astar,loose,2673.8630976656987,154,321,321,154,0.002231899998150766,False
30,3,0.5,43,astar,tight,2673.8630976656978,31,57,57,58,0.0008545000018784776,False
30,3,0.5,44,dijkstra,tight,2798.5354802805527,189,410,410,189,0.004597899998771027,False
30,3,0.5,44,astar,loose,2798.535480280553,189,410,410,189,0.0044250999999349006,False
30,3,0.5,44,astar,tight,2798.535480280553,42,86,86,76,0.0011475999999674968,False
30,3,1.0,42,dijkstra,tight,2233.042954336374,143,293,293,143,0.0033557999995537102,False
30,3,1.0,42,astar,loose,2233.0429543363744,143,293,293,143,0.0032734999986132607,False
30,3,1.0,42,astar,tight,2233.042954336374,33,66,66,65,0.0009232000011252239,False
30,3,1.0,43,dijkstra,tight,2325.461754915893,154,321,321,154,0.0022413999977288768,False
30,3,1.0,43,astar,loose,2325.4617549158934,154,321,321,154,0.002146899998479057,False
30,3,1.0,43,astar,tight,2325.4617549158934,32,60,60,60,0.0008621999986644369,False
30,3,1.0,44,dijkstra,tight,2337.3096301729634,189,410,410,189,0.0047794000020076055,False
30,3,1.0,44,astar,loose,2337.3096301729643,189,410,410,189,0.003593699999328237,False
30,3,1.0,44,astar,tight,2337.309630172964,38,77,77,71,0.0006451000008382834,False
30,3,2.0,42,dijkstra,tight,2005.6698312598312,143,293,293,143,0.0020493000010901596,False
30,3,2.0,42,astar,loose,2005.6698312598314,143,293,293,143,0.0025826999990385957,False
30,3,2.0,42,astar,tight,2005.6698312598314,49,101,101,84,0.0008354999990842771,False
30,3,2.0,43,dijkstra,tight,2108.6488850733344,154,321,321,154,0.002842200003215112,False
30,3,2.0,43,astar,loose,2108.6488850733344,154,321,321,154,0.0035559999996621627,False
30,3,2.0,43,astar,tight,2108.6488850733344,31,63,63,64,0.0008769999985815957,False
30,3,2.0,44,dijkstra,tight,2050.7811086182805,189,410,410,189,0.00404789999811328,False
30,3,2.0,44,astar,loose,2050.781108618281,189,410,410,189,0.0043656999987433665,False
30,3,2.0,44,astar,tight,2050.781108618281,31,63,63,64,0.0008687000008649193,False
30,5,0.0,42,dijkstra,tight,3975.098453502597,688,2108,2108,688,0.019235699997807387,False
30,5,0.0,42,astar,loose,3975.098453502598,688,2108,2108,688,0.01553309999871999,False
30,5,0.0,42,astar,tight,3975.0984535025973,62,170,170,121,0.0012996000004932284,False
30,5,0.0,43,dijkstra,tight,3658.16061200671,746,2313,2313,746,0.016061799997260096,False
30,5,0.0,43,astar,loose,3658.1606120067104,746,2313,2313,746,0.014123900000413414,False
30,5,0.0,43,astar,tight,3658.16061200671,98,279,279,188,0.0019008999988727737,False
30,5,0.0,44,dijkstra,tight,3981.9278398700226,920,2938,2938,920,0.0212697000024491,False
30,5,0.0,44,astar,loose,3981.927839870023,920,2938,2938,920,0.018367600001511164,False
30,5,0.0,44,astar,tight,3981.9278398700235,45,116,116,102,0.000924300002225209,False
30,5,0.5,42,dijkstra,tight,2629.4112737595683,688,2108,2108,688,0.015205899999273242,False
30,5,0.5,42,astar,loose,2629.4112737595688,688,2108,2108,688,0.013258200000564102,False
30,5,0.5,42,astar,tight,2629.4112737595688,32,98,98,98,0.000811700003396254,False
30,5,0.5,43,dijkstra,tight,2603.266513116055,746,2313,2313,746,0.015909800000372343,False
30,5,0.5,43,astar,loose,2603.266513116056,746,2313,2313,746,0.013934600003267406,False
30,5,0.5,43,astar,tight,2603.2665131160556,33,92,92,90,0.0008262000010290649,False
30,5,0.5,44,dijkstra,tight,2784.369346904787,920,2938,2938,920,0.020722199998999713,False
30,5,0.5,44,astar,loose,2784.3693469047885,920,2938,2938,920,0.019515199997840682,False
30,5,0.5,44,astar,tight,2784.369346904788,31,91,91,92,0.0007814999989932403,False
30,5,1.0,42,dijkstra,tight,2259.3402289549244,688,2108,2108,688,0.015443800002685748,False
30,5,1.0,42,astar,loose,2259.3402289549254,688,2108,2108,688,0.013038299999607261,False
30,5,1.0,42,astar,tight,2259.340228954925,34,104,104,104,0.0008760999990045093,False
30,5,1.0,43,dijkstra,tight,2294.0135233388673,746,2313,2313,746,0.01591050000206451,False
30,5,1.0,43,astar,loose,2294.0135233388683,746,2313,2313,746,0.01404279999769642,False
30,5,1.0,43,astar,tight,2294.0135233388687,34,93,93,90,0.000789400000940077,False
30,5,1.0,44,dijkstra,tight,2452.1619971732775,920,2938,2938,920,0.020066500001121312,False
30,5,1.0,44,astar,loose,2452.161997173278,920,2938,2938,920,0.017985700000281213,False
30,5,1.0,44,astar,tight,2452.1619971732785,34,107,107,104,0.0008774999987508636,False
30,5,2.0,42,dijkstra,tight,2091.60347242351,688,2108,2108,688,0.015006200002972037,False
30,5,2.0,42,astar,loose,2091.603472423511,688,2108,2108,688,0.013576599998486927,False
30,5,2.0,42,astar,tight,2091.6034724235105,31,95,95,96,0.0008057000013650395,False
30,5,2.0,43,dijkstra,tight,2159.8115340033487,746,2313,2313,746,0.01582830000188551,False
30,5,2.0,43,astar,loose,2159.81153400335,746,2313,2313,746,0.01442749999841908,False
30,5,2.0,43,astar,tight,2159.811534003349,45,144,144,129,0.0011373000015737489,False
30,5,2.0,44,dijkstra,tight,2276.703957643627,920,2938,2938,920,0.020303299999795854,False
30,5,2.0,44,astar,loose,2276.703957643628,920,2938,2938,920,0.018493600000510924,False
30,5,2.0,44,astar,tight,2276.7039576436277,31,99,99,100,0.0008492999986629002,False
